{"version":"0.4","title":"Demo 02 &#8211; Homepage with capture form","type":"page","content":[{"id":"1862979e","settings":{"gap":"no","background_background":"slideshow","background_slideshow_gallery":[{"id":17242,"url":"https:\/\/demo02.houzez.co\/wp-content\/uploads\/2020\/03\/206.jpg"},{"id":17243,"url":"https:\/\/demo02.houzez.co\/wp-content\/uploads\/2020\/03\/205.jpg"},{"id":17244,"url":"https:\/\/demo02.houzez.co\/wp-content\/uploads\/2020\/03\/204.jpg"}],"background_overlay_background":"classic","background_overlay_color":"#004274","background_slideshow_ken_burns":"yes","background_overlay_opacity":{"unit":"px","size":0.65,"sizes":[]}},"elements":[{"id":"2d9bf7ba","settings":{"_column_size":100,"_inline_size":null},"elements":[{"id":"74e076cc","settings":[],"elements":[],"isInner":false,"widgetType":"houzez_elementor_space","elType":"widget"},{"id":"3e049896","settings":{"gap":"no","structure":"30","content_position":"middle"},"elements":[{"id":"295e47a4","settings":{"_column_size":33,"_inline_size":49.298},"elements":[{"id":"52db3e91","settings":{"hz_section_title":"Display custom leads capture forms that integrate with Houzez CRM","hz_section_subtitle":"When one of your visitors fill up this form the data will be stored in the Houzez CRM as new lead\n","section_title_typography_typography":"custom","section_title_typography_font_size":{"unit":"px","size":35,"sizes":[]},"section_title_typography_font_size_mobile":{"unit":"px","size":25,"sizes":[]},"section_title_typography_font_weight":"300","section_title_typography_line_height":{"unit":"em","size":1.4,"sizes":[]},"section_subtitle_typography_typography":"custom","section_subtitle_typography_font_size":{"unit":"px","size":20,"sizes":[]},"section_subtitle_typography_font_size_mobile":{"unit":"px","size":16,"sizes":[]},"section_subtitle_typography_line_height":{"unit":"em","size":1.5,"sizes":[]},"houzez_section_title_align":"left","houzez_section_title_color":"#FFFFFF","houzez_section_subtitle_color":"#FFFFFF","houzez_section_title_margin_bottom":{"unit":"px","size":20,"sizes":[]},"_animation":"fadeIn","animation_duration":"slow"},"elements":[],"isInner":false,"widgetType":"houzez_elementor_section_title","elType":"widget"}],"isInner":true,"elType":"column"},{"id":"56cf8a9a","settings":{"_column_size":33,"_inline_size":10.018},"elements":[],"isInner":true,"elType":"column"},{"id":"6da8764d","settings":{"_column_size":33,"_inline_size":40.016,"space_between_widgets":0},"elements":[{"id":"6bcc4277","settings":{"hz_section_title":"Get In Touch","hz_section_subtitle":"Fill out this form and one of our agents will be in touch with you soon\n","section_title_typography_typography":"custom","section_title_typography_font_size":{"unit":"px","size":18,"sizes":[]},"section_subtitle_typography_typography":"custom","section_subtitle_typography_font_weight":"400","houzez_section_title_align":"left","houzez_section_subtitle_color":"#7A7A7A","homey_main_title_spacing":{"unit":"px","size":15,"sizes":[]},"homey_subtitle_spacing":{"unit":"px","size":0,"sizes":[]},"houzez_section_title_margin_bottom":{"unit":"px","size":0,"sizes":[]},"_padding":{"unit":"px","top":"30","right":"30","bottom":"10","left":"30","isLinked":false},"_background_background":"classic","_background_color":"#FFFFFF"},"elements":[],"isInner":false,"widgetType":"houzez_elementor_section_title","elType":"widget"},{"id":"2501ccf5","settings":{"form_name":"New Form","form_fields":[{"_id":"name","field_type":"name","field_label":"Name","placeholder":"Name","width":"100","required":"","field_options":"","width_tablet":"","width_mobile":"","rows":4},{"_id":"email","field_type":"email","required":"true","field_label":"Email","placeholder":"Email","width":"50","field_options":"","width_tablet":"","width_mobile":"","rows":4},{"field_type":"mobile","field_label":"Phone","placeholder":"Phone","required":"","field_options":"","width":"50","width_tablet":"","width_mobile":"","rows":4,"_id":"ac2e031"},{"_id":"message","field_type":"message","field_label":"Message","placeholder":"Message","width":"100","required":"","field_options":"","width_tablet":"","width_mobile":"","rows":4}],"show_labels":"","gdpr_agreement":"yes","gdpr_label":"GDPR Agreement","gdpr_required":"true","gdpr_text":"I consent to having this website store my submitted information","button_text":"Submit","email_to":"hello@favethemes.com","email_subject":"New message from &quot;Houzez - Highly Customizable Real Estate WordPress Theme&quot;","field_typography_typography":"custom","field_gdpr_color":"#7A7A7A","gdpr_typography_typography":"custom","gdpr_typography_font_size":{"unit":"px","size":14,"sizes":[]},"_padding":{"unit":"px","top":"10","right":"30","bottom":"30","left":"30","isLinked":false},"_background_background":"classic","_background_color":"#FFFFFF"},"elements":[],"isInner":false,"widgetType":"houzez_elementor_contact_form","elType":"widget"}],"isInner":true,"elType":"column"}],"isInner":true,"elType":"section"},{"id":"5d8313bb","settings":[],"elements":[],"isInner":false,"widgetType":"houzez_elementor_space","elType":"widget"}],"isInner":false,"elType":"column"}],"isInner":false,"elType":"section"},{"id":"53c7ba38","settings":{"background_background":"classic","background_color":"#FFFFFF","padding":{"unit":"px","top":"12","right":"0","bottom":"25","left":"0","isLinked":false}},"elements":[{"id":"22ae238a","settings":{"_column_size":100,"_inline_size":null},"elements":[{"id":"5d63251d","settings":{"icon_list":[{"text":"Find Your Next Home","selected_icon":{"value":"fas fa-search","library":"fa-solid"},"_id":"18e3ec6","link":{"url":"","is_external":"","nofollow":"","custom_attributes":""}}],"icon_size":{"unit":"px","size":18,"sizes":[]},"icon_typography_typography":"custom","icon_typography_font_size":{"unit":"px","size":18,"sizes":[]},"icon_typography_font_weight":"500"},"elements":[],"isInner":false,"widgetType":"icon-list","elType":"widget"},{"id":"73e54152","settings":{"form_fields":[{"_id":"field-cities","field_type":"location[]","field_label":"Cities","placeholder":"All Cities","width":"20","radius_from":"1","radius_to":"100","radius_default":"32","price_from_text":"From","price_to_text":"To","width_tablet":"","width_mobile":"","data_live_search":"","slider_width":{"unit":"px","size":50,"sizes":[]},"slider_width_tablet":{"unit":"px","size":"","sizes":[]},"slider_width_mobile":{"unit":"px","size":"","sizes":[]},"is_multiple":"","select_all_btns":"false","selected_count_text":"items selected","hidden_desktop":"","hidden_tablet":"","hidden_phone":""},{"_id":"field-types","field_type":"type[]","field_label":"Property Type","placeholder":"All Types","is_multiple":"true","select_all_btns":"true","selected_count_text":"types selected","width":"20","width_mobile":"50","radius_from":"1","radius_to":"100","radius_default":"32","price_from_text":"From","price_to_text":"To","width_tablet":"","data_live_search":"","slider_width":{"unit":"px","size":50,"sizes":[]},"slider_width_tablet":{"unit":"px","size":"","sizes":[]},"slider_width_mobile":{"unit":"px","size":"","sizes":[]},"hidden_desktop":"","hidden_tablet":"","hidden_phone":""},{"_id":"field-status","field_type":"status[]","field_label":"Property Status","placeholder":"All Status","is_multiple":"true","select_all_btns":"true","selected_count_text":"status selected","width":"20","width_mobile":"50","radius_from":"1","radius_to":"100","radius_default":"32","price_from_text":"From","price_to_text":"To","width_tablet":"","data_live_search":"","slider_width":{"unit":"px","size":50,"sizes":[]},"slider_width_tablet":{"unit":"px","size":"","sizes":[]},"slider_width_mobile":{"unit":"px","size":"","sizes":[]},"hidden_desktop":"","hidden_tablet":"","hidden_phone":""},{"_id":"field-beds","field_type":"bedrooms","field_label":"Bedrooms","placeholder":"Bedrooms","width":"20","width_mobile":"50","radius_from":"1","radius_to":"100","radius_default":"32","price_from_text":"From","price_to_text":"To","width_tablet":"","data_live_search":"","slider_width":{"unit":"px","size":50,"sizes":[]},"slider_width_tablet":{"unit":"px","size":"","sizes":[]},"slider_width_mobile":{"unit":"px","size":"","sizes":[]},"is_multiple":"","select_all_btns":"false","selected_count_text":"items selected","hidden_desktop":"","hidden_tablet":"","hidden_phone":""},{"_id":"field-baths","field_type":"bedrooms","field_label":"Bathrooms","placeholder":"Bathrooms","width":"20","width_mobile":"50","radius_from":"1","radius_to":"100","radius_default":"32","price_from_text":"From","price_to_text":"To","width_tablet":"","data_live_search":"","slider_width":{"unit":"px","size":50,"sizes":[]},"slider_width_tablet":{"unit":"px","size":"","sizes":[]},"slider_width_mobile":{"unit":"px","size":"","sizes":[]},"is_multiple":"","select_all_btns":"false","selected_count_text":"items selected","hidden_desktop":"","hidden_tablet":"","hidden_phone":""},{"_id":"field-min-price","field_type":"min-price","field_label":"Min. Price","placeholder":"Min. Price","width":"16","width_mobile":"50","radius_from":"1","radius_to":"100","radius_default":"32","price_from_text":"From","price_to_text":"To","width_tablet":"","data_live_search":"","slider_width":{"unit":"px","size":50,"sizes":[]},"slider_width_tablet":{"unit":"px","size":"","sizes":[]},"slider_width_mobile":{"unit":"px","size":"","sizes":[]},"is_multiple":"","select_all_btns":"false","selected_count_text":"items selected","hidden_desktop":"","hidden_tablet":"","hidden_phone":""},{"_id":"field-max-price","field_type":"max-price","field_label":"Max. Price","placeholder":"Max. Price","width":"16","width_mobile":"50","radius_from":"1","radius_to":"100","radius_default":"32","price_from_text":"From","price_to_text":"To","width_tablet":"","data_live_search":"","slider_width":{"unit":"px","size":50,"sizes":[]},"slider_width_tablet":{"unit":"px","size":"","sizes":[]},"slider_width_mobile":{"unit":"px","size":"","sizes":[]},"is_multiple":"","select_all_btns":"false","selected_count_text":"items selected","hidden_desktop":"","hidden_tablet":"","hidden_phone":""},{"_id":"field-min-area","field_type":"min-area","field_label":"Min. Area","placeholder":"Min. Area","width":"16","width_mobile":"50","radius_from":"1","radius_to":"100","radius_default":"32","price_from_text":"From","price_to_text":"To","width_tablet":"","data_live_search":"","slider_width":{"unit":"px","size":50,"sizes":[]},"slider_width_tablet":{"unit":"px","size":"","sizes":[]},"slider_width_mobile":{"unit":"px","size":"","sizes":[]},"is_multiple":"","select_all_btns":"false","selected_count_text":"items selected","hidden_desktop":"","hidden_tablet":"","hidden_phone":""},{"_id":"field-max-area","field_type":"max-area","field_label":"Max. Area","placeholder":"Max. Area","width":"16","width_mobile":"50","radius_from":"1","radius_to":"100","radius_default":"32","price_from_text":"From","price_to_text":"To","width_tablet":"","data_live_search":"","slider_width":{"unit":"px","size":50,"sizes":[]},"slider_width_tablet":{"unit":"px","size":"","sizes":[]},"slider_width_mobile":{"unit":"px","size":"","sizes":[]},"is_multiple":"","select_all_btns":"false","selected_count_text":"items selected","hidden_desktop":"","hidden_tablet":"","hidden_phone":""},{"_id":"field-property_id","field_type":"property_id","field_label":"Property ID","placeholder":"Property ID","width":"16","radius_from":"1","radius_to":"100","radius_default":"32","price_from_text":"From","price_to_text":"To","width_tablet":"","width_mobile":"","data_live_search":"","slider_width":{"unit":"px","size":50,"sizes":[]},"slider_width_tablet":{"unit":"px","size":"","sizes":[]},"slider_width_mobile":{"unit":"px","size":"","sizes":[]},"is_multiple":"","select_all_btns":"false","selected_count_text":"items selected","hidden_desktop":"","hidden_tablet":"","hidden_phone":""},{"_id":"field-search-btn","field_type":"search-button","field_label":"Search Button","placeholder":"Search","width":"16","radius_from":"1","radius_to":"100","radius_default":"32","price_from_text":"From","price_to_text":"To","width_tablet":"","width_mobile":"","data_live_search":"","slider_width":{"unit":"px","size":50,"sizes":[]},"slider_width_tablet":{"unit":"px","size":"","sizes":[]},"slider_width_mobile":{"unit":"px","size":"","sizes":[]},"is_multiple":"","select_all_btns":"false","selected_count_text":"items selected","hidden_desktop":"","hidden_tablet":"","hidden_phone":""}],"tabs_all_text":"All"},"elements":[],"isInner":false,"widgetType":"houzez_elementor_search_builder","elType":"widget"}],"isInner":false,"elType":"column"}],"isInner":false,"elType":"section"},{"id":"420a02aa","settings":{"custom_height":{"unit":"px","size":760,"sizes":[]},"content_position":"middle","background_color":"#FFFFFF","background_position":"center center","background_repeat":"no-repeat","background_size":"cover","background_overlay_background":"classic","background_overlay_opacity":{"unit":"px","size":0.97,"sizes":[]},"css_filters_blur":{"unit":"px","size":5,"sizes":[]},"stretch_section":"section-stretched","layout":"full_width","gap":"wide","content_width":{"unit":"px","size":1482,"sizes":[]},"box_shadow_box_shadow":{"horizontal":0,"vertical":20,"blur":40,"spread":-30,"color":"rgba(0, 0, 0, 0.2)"},"box_shadow_box_shadow_position":"inset"},"elements":[{"id":"4caa53e6","settings":{"_column_size":100,"_inline_size":null},"elements":[{"id":"4e3b991d","settings":{"height":{"unit":"px","size":30,"sizes":[]}},"elements":[],"isInner":false,"widgetType":"houzez_elementor_space","elType":"widget"},{"id":"29dedada","settings":{"content_width":{"unit":"px","size":1280,"sizes":[]}},"elements":[{"id":"5a85314f","settings":{"_column_size":100,"_inline_size":null},"elements":[{"id":"70e1802d","settings":{"hz_section_title":"Discover Our Best Deals","section_title_typography_typography":"custom","section_title_typography_font_size":{"unit":"px","size":35,"sizes":[]},"section_title_typography_font_weight":"300","section_subtitle_typography_typography":"custom","houzez_section_title_margin_bottom":{"unit":"px","size":20,"sizes":[]},"_animation":"fadeIn","animation_duration":"slow","hz_section_subtitle":"Lorem ipsum dolor sit amet, consectetur adipiscing elit donec sollicitudin ","houzez_section_subtitle_color":"#7A7A7A","section_title_typography_font_size_mobile":{"unit":"px","size":25,"sizes":[]},"section_subtitle_typography_font_size_mobile":{"unit":"px","size":16,"sizes":[]},"houzez_section_title_color":"#000000"},"elements":[],"isInner":false,"widgetType":"houzez_elementor_section_title","elType":"widget"},{"id":"662f8b32","settings":{"height":{"unit":"px","size":10,"sizes":[]}},"elements":[],"isInner":false,"widgetType":"houzez_elementor_space","elType":"widget"},{"id":"13fa1cec","settings":{"sort_by":"featured_top","property_type":["apartment"],"property_city":[],"posts_limit":6},"elements":[],"isInner":false,"widgetType":"houzez_elementor_property-card-v6","elType":"widget"},{"id":"a85ce97","settings":[],"elements":[],"isInner":false,"widgetType":"spacer","elType":"widget"}],"isInner":true,"elType":"column"}],"isInner":true,"elType":"section"}],"isInner":false,"elType":"column"}],"isInner":false,"elType":"section"},{"id":"466829d5","settings":{"layout":"full_width","background_background":"classic","background_color":"#FFFFFF","background_position":"center center","background_repeat":"no-repeat","background_size":"cover","background_overlay_color":"#004274","background_overlay_position":"center right","background_overlay_repeat":"no-repeat","background_overlay_size":"cover","box_shadow_box_shadow":{"horizontal":0,"vertical":20,"blur":40,"spread":-20,"color":"rgba(0,0,0,0.5)"},"box_shadow_box_shadow_position":"inset","shape_divider_top_color":"#F7F8F9","shape_divider_top_height":{"unit":"px","size":110,"sizes":[]},"shape_divider_top_flip":"yes","shape_divider_bottom_color":"#F7F8F9","shape_divider_bottom_height":{"unit":"px","size":110,"sizes":[]},"shape_divider_bottom_flip":"yes","background_image":{"url":"https:\/\/demo01.houzez.co\/wp-content\/uploads\/2020\/02\/slider1.jpg","id":16757},"background_overlay_background":"classic","background_overlay_attachment":"fixed","css_filters_blur":{"unit":"px","size":3,"sizes":[]}},"elements":[{"id":"6d173412","settings":{"_column_size":100,"_inline_size":null},"elements":[{"id":"6aa03a66","settings":{"space":{"unit":"px","size":100,"sizes":[]}},"elements":[],"isInner":false,"widgetType":"spacer","elType":"widget"},{"id":"6f989f3b","settings":{"content_position":"middle","structure":"30"},"elements":[{"id":"2b08612","settings":{"_column_size":33,"_inline_size":38.596},"elements":[{"id":"ebfd1e9","settings":{"hz_section_title":"Design Custom Real Estate Inquiry Forms","section_title_typography_typography":"custom","section_title_typography_font_size":{"unit":"px","size":35,"sizes":[]},"section_title_typography_font_weight":"300","section_subtitle_typography_typography":"custom","houzez_section_title_margin_bottom":{"unit":"px","size":20,"sizes":[]},"_animation":"fadeIn","animation_duration":"slow","hz_section_subtitle":"Design custom lead capture forms that integrate with the Houzez CRM","houzez_section_title_align":"left","houzez_section_subtitle_color":"#FFFFFF","houzez_section_title_color":"#FFFFFF","section_title_typography_font_size_mobile":{"unit":"px","size":25,"sizes":[]},"section_subtitle_typography_font_size_mobile":{"unit":"px","size":16,"sizes":[]}},"elements":[],"isInner":false,"widgetType":"houzez_elementor_section_title","elType":"widget"},{"id":"1a70757b","settings":{"width":{"unit":"%","size":20,"sizes":[]},"text":"Divider","color":"#000000","gap":{"unit":"px","size":2,"sizes":[]}},"elements":[],"isInner":false,"widgetType":"divider","elType":"widget"}],"isInner":true,"elType":"column"},{"id":"7ab8286e","settings":{"_column_size":33,"_inline_size":10.72},"elements":[],"isInner":true,"elType":"column"},{"id":"43b8ec6e","settings":{"_column_size":33,"_inline_size":50.016,"content_position":"center","space_between_widgets":0,"background_background":"classic","background_color":"#FFFFFF","padding":{"unit":"px","top":"50","right":"50","bottom":"30","left":"50","isLinked":false},"box_shadow_box_shadow_type":"yes","box_shadow_box_shadow":{"horizontal":0,"vertical":20,"blur":40,"spread":0,"color":"rgba(0, 0, 0, 0.1)"}},"elements":[{"id":"3dbd67d3","settings":{"form_name":"New Form","form_fields":[{"field_type":"enquiry_type","field_label":"Inquiry Type","placeholder":"Select","required":"true","field_options":"","width":"100","width_tablet":"","width_mobile":"","rows":4,"_id":"ba6c34c"},{"field_type":"user_type","field_label":"Information","placeholder":"I'm a ","required":"true","field_options":"Select\nI'm a real estate agent\nI'm a property owner","width":"100","width_tablet":"","width_mobile":"","rows":4,"_id":"b7fe77d"},{"field_type":"first_name","field_label":"","placeholder":"First Name","required":"true","field_options":"","width":"50","width_tablet":"","width_mobile":"","rows":4,"_id":"cc6b92f"},{"field_type":"last_name","field_label":"","placeholder":"Last Name","required":"","field_options":"","width":"50","width_tablet":"","width_mobile":"","rows":4,"_id":"3cc124e"},{"field_type":"email","field_label":"","placeholder":"Email Address","required":"true","field_options":"","width":"100","width_tablet":"","width_mobile":"","rows":4,"_id":"932d82c"},{"field_type":"e_meta[city]","field_label":"Location","placeholder":"Select city","required":"true","field_options":"","width":"50","width_tablet":"","width_mobile":"","rows":4,"_id":"2eaf20d"},{"field_type":"e_meta[zipcode]","field_label":"&nbsp;","placeholder":"Zip Code","required":"true","field_options":"","width":"50","width_tablet":"","width_mobile":"","rows":4,"_id":"f0ee6fc"},{"field_type":"e_meta[property_type]","field_label":"Property","placeholder":"Select type","required":"true","field_options":"","width":"100","width_tablet":"","width_mobile":"","rows":4,"_id":"3180222"},{"field_type":"e_meta[price]","field_label":"","placeholder":"Max price","required":"true","field_options":"","width":"50","width_tablet":"","width_mobile":"","rows":4,"_id":"c549d17"},{"field_type":"e_meta[area-size]","field_label":"","placeholder":"Minimum size (Sq Ft)","required":"true","field_options":"","width":"50","width_tablet":"","width_mobile":"","rows":4,"_id":"e08cbcb"},{"field_type":"e_meta[beds]","field_label":"","placeholder":"Number of beds","required":"true","field_options":"","width":"50","width_tablet":"","width_mobile":"","rows":4,"_id":"66cc0de"},{"field_type":"e_meta[baths]","field_label":"","placeholder":"Number of baths","required":"true","field_options":"","width":"50","width_tablet":"","width_mobile":"","rows":4,"_id":"dea086f"}],"input_size":"md","button_text":"Submit","button_size":"md","email_to":"hello@favethemes.com","email_subject":"New message from &quot;Houzez 01&quot;","field_border_width":{"unit":"px","top":"2","right":"2","bottom":"2","left":"2","isLinked":true}},"elements":[],"isInner":false,"widgetType":"houzez_elementor_inquiry_form","elType":"widget"}],"isInner":true,"elType":"column"}],"isInner":true,"elType":"section"},{"id":"1098a664","settings":{"space":{"unit":"px","size":100,"sizes":[]}},"elements":[],"isInner":false,"widgetType":"spacer","elType":"widget"}],"isInner":false,"elType":"column"}],"isInner":false,"elType":"section"},{"id":"2385b342","settings":{"layout":"full_width","background_background":"classic","background_color":"#FFFFFF"},"elements":[{"id":"3d8bdf45","settings":{"_column_size":100,"_inline_size":null},"elements":[{"id":"7c64e8db","settings":{"space":{"unit":"px","size":100,"sizes":[]}},"elements":[],"isInner":false,"widgetType":"spacer","elType":"widget"},{"id":"3a698171","settings":[],"elements":[{"id":"3410a022","settings":{"_column_size":100,"_inline_size":null},"elements":[{"id":"12190107","settings":{"hz_section_title":"Explore Our Properties","section_title_typography_typography":"custom","section_title_typography_font_size":{"unit":"px","size":35,"sizes":[]},"section_title_typography_font_weight":"300","section_subtitle_typography_typography":"custom","houzez_section_title_margin_bottom":{"unit":"px","size":20,"sizes":[]},"_animation":"fadeIn","animation_duration":"slow","hz_section_subtitle":"Lorem ipsum dolor sit amet, consectetur adipiscing elit donec sollicitudin ","houzez_section_subtitle_color":"#7A7A7A","section_title_typography_font_size_mobile":{"unit":"px","size":25,"sizes":[]},"section_subtitle_typography_font_size_mobile":{"unit":"px","size":16,"sizes":[]},"houzez_section_title_color":"#000000"},"elements":[],"isInner":false,"widgetType":"houzez_elementor_section_title","elType":"widget"}],"isInner":true,"elType":"column"}],"isInner":true,"elType":"section"},{"id":"617bb098","settings":{"structure":"60","content_width":{"unit":"px","size":1280,"sizes":[]}},"elements":[{"id":"61ac97dd","settings":{"_column_size":16,"_inline_size":null},"elements":[{"id":"6f9c14c2","settings":{"more_text":"More Details","more_text_d":"More Details","grid_type":"grid-item-v3","grid_data":"dynamic","tax_type":"apartment","grid_title_typography_typography":"custom","grid_subtitle_typography_typography":"custom","_animation":"fadeIn","animation_duration":"slow"},"elements":[],"isInner":false,"widgetType":"Houzez_elementor_grid_builder","elType":"widget"}],"isInner":true,"elType":"column"},{"id":"4cff39df","settings":{"_column_size":16,"_inline_size":null},"elements":[{"id":"52cc190f","settings":{"more_text":"More Details","more_text_d":"More Details","grid_type":"grid-item-v3","grid_data":"dynamic","tax_type":"single-family-home","grid_title_typography_typography":"custom","grid_subtitle_typography_typography":"custom","_animation":"fadeIn","animation_duration":"slow","_animation_delay":300},"elements":[],"isInner":false,"widgetType":"Houzez_elementor_grid_builder","elType":"widget"}],"isInner":true,"elType":"column"},{"id":"757a3c9a","settings":{"_column_size":16,"_inline_size":null},"elements":[{"id":"5591d92f","settings":{"more_text":"More Details","more_text_d":"More Details","grid_type":"grid-item-v3","grid_data":"dynamic","tax_type":"studio","grid_title_typography_typography":"custom","grid_subtitle_typography_typography":"custom","_animation":"fadeIn","animation_duration":"slow","_animation_delay":600},"elements":[],"isInner":false,"widgetType":"Houzez_elementor_grid_builder","elType":"widget"}],"isInner":true,"elType":"column"},{"id":"23cd724d","settings":{"_column_size":16,"_inline_size":null},"elements":[{"id":"20c6f417","settings":{"more_text":"More Details","more_text_d":"More Details","grid_type":"grid-item-v3","grid_data":"dynamic","tax_type":"villa","tax_city":"los-angeles","grid_title_typography_typography":"custom","grid_subtitle_typography_typography":"custom","_animation":"fadeIn","animation_duration":"slow","_animation_delay":900},"elements":[],"isInner":false,"widgetType":"Houzez_elementor_grid_builder","elType":"widget"}],"isInner":true,"elType":"column"},{"id":"6f67f49","settings":{"_column_size":16,"_inline_size":null},"elements":[{"id":"665bbcc7","settings":{"more_text":"More Details","more_text_d":"More Details","grid_type":"grid-item-v3","grid_data":"dynamic","tax_type":"office","grid_title_typography_typography":"custom","grid_subtitle_typography_typography":"custom","_animation":"fadeIn","animation_duration":"slow","_animation_delay":1200},"elements":[],"isInner":false,"widgetType":"Houzez_elementor_grid_builder","elType":"widget"}],"isInner":true,"elType":"column"},{"id":"70e18b5f","settings":{"_column_size":16,"_inline_size":null},"elements":[{"id":"37c78f39","settings":{"more_text":"More Details","more_text_d":"More Details","grid_type":"grid-item-v3","grid_data":"dynamic","tax_type":"shop","grid_title_typography_typography":"custom","grid_subtitle_typography_typography":"custom","_animation":"fadeIn","animation_duration":"slow","_animation_delay":1500},"elements":[],"isInner":false,"widgetType":"Houzez_elementor_grid_builder","elType":"widget"}],"isInner":true,"elType":"column"}],"isInner":true,"elType":"section"},{"id":"61a66a13","settings":{"space":{"unit":"px","size":100,"sizes":[]}},"elements":[],"isInner":false,"widgetType":"spacer","elType":"widget"}],"isInner":false,"elType":"column"}],"isInner":false,"elType":"section"},{"id":"b60f6eb","settings":{"custom_height":{"unit":"px","size":900,"sizes":[]},"content_position":"middle","background_color":"#FFFFFF","background_position":"center left","background_repeat":"no-repeat","background_size":"cover","background_overlay_background":"classic","background_overlay_opacity":{"unit":"px","size":0.9,"sizes":[]},"css_filters_blur":{"unit":"px","size":2,"sizes":[]},"stretch_section":"section-stretched","layout":"full_width","gap":"wide","background_background":"classic","background_bg_width":{"unit":"%","size":15,"sizes":[]},"background_image":{"url":"https:\/\/demo01.houzez.co\/wp-content\/uploads\/2020\/02\/bg-blue.jpg","id":16543},"background_overlay_color":"#005A84","overlay_blend_mode":"multiply","shape_divider_top_color":"#F7F8F9","shape_divider_top_width":{"unit":"%","size":100,"sizes":[]},"shape_divider_top_height":{"unit":"px","size":100,"sizes":[]},"shape_divider_top_flip":"yes","shape_divider_top_negative":"yes","shape_divider_bottom_color":"#F7F8F9","shape_divider_bottom_width":{"unit":"%","size":101,"sizes":[]},"shape_divider_bottom_height":{"unit":"px","size":100,"sizes":[]},"shape_divider_bottom_flip":"yes","shape_divider_bottom_negative":"yes"},"elements":[{"id":"6853b3dc","settings":{"_column_size":100,"_inline_size":null},"elements":[{"id":"4c46a479","settings":{"height":{"unit":"px","size":100,"sizes":[]}},"elements":[],"isInner":false,"widgetType":"houzez_elementor_space","elType":"widget"},{"id":"15e6ba51","settings":{"gap":"extended","structure":"40"},"elements":[{"id":"4703d99d","settings":{"_column_size":25,"_inline_size":null},"elements":[{"id":"4c4bb12f","settings":{"style":"slashes","width":{"unit":"%","size":25,"sizes":[]},"align":"left","look":"line","text":"Divider","color":"#00AEFF","weight":{"unit":"px","size":2,"sizes":[]},"pattern_height":{"unit":"px","size":15,"sizes":[]},"gap":{"unit":"px","size":2,"sizes":[]},"_offset_x":{"size":2,"unit":"px"},"_offset_y":{"size":11,"unit":"px"}},"elements":[],"isInner":false,"widgetType":"divider","elType":"widget"},{"id":"3df628bd","settings":{"hz_section_title":"Why Houzez Is The Perfect Choice?","section_title_typography_typography":"custom","section_title_typography_font_size":{"unit":"px","size":31,"sizes":[]},"section_title_typography_font_weight":"300","section_subtitle_typography_typography":"custom","houzez_section_title_align":"left","section_subtitle_typography_line_height":{"unit":"em","size":1.5,"sizes":[]},"houzez_section_title_color":"#FFFFFF","houzez_section_subtitle_color":"#7A7A7A","homey_main_title_spacing":{"unit":"px","size":15,"sizes":[]},"_animation":"fadeIn","animation_duration":"slow","section_title_typography_line_height":{"unit":"em","size":1.6,"sizes":[]},"_offset_x":{"size":0,"unit":"px"},"_offset_y":{"size":58,"unit":"px"}},"elements":[],"isInner":false,"widgetType":"houzez_elementor_section_title","elType":"widget"},{"id":"4ef72a8c","settings":{"width":{"unit":"%","size":30,"sizes":[]},"text":"Divider","color":"rgba(255, 255, 255, 0.46)"},"elements":[],"isInner":false,"widgetType":"divider","elType":"widget"}],"isInner":true,"elType":"column"},{"id":"c4c36f5","settings":{"_column_size":25,"_inline_size":null},"elements":[{"id":"7bb39090","settings":{"title":"01.","header_size":"div","title_color":"#00AEFF","typography_typography":"custom","typography_font_family":"Noto Serif JP","typography_font_size":{"unit":"px","size":40,"sizes":[]},"typography_font_weight":"300","_animation":"fadeIn","animation_duration":"slow"},"elements":[],"isInner":false,"widgetType":"heading","elType":"widget"},{"id":"12b016fa","settings":{"hz_section_title":"Easy To Get Started","hz_section_subtitle":"Get ready to launch your real estate  website without any previous experience","section_title_typography_typography":"custom","section_title_typography_font_size":{"unit":"px","size":25,"sizes":[]},"section_title_typography_font_weight":"300","section_subtitle_typography_typography":"custom","houzez_section_title_align":"left","section_subtitle_typography_line_height":{"unit":"em","size":1.5,"sizes":[]},"houzez_section_title_color":"#FFFFFF","houzez_section_subtitle_color":"rgba(255, 255, 255, 0.63)","homey_main_title_spacing":{"unit":"px","size":15,"sizes":[]},"_animation":"fadeIn","animation_duration":"slow"},"elements":[],"isInner":false,"widgetType":"houzez_elementor_section_title","elType":"widget"},{"id":"369c78d8","settings":{"width":{"unit":"%","size":30,"sizes":[]},"text":"Divider","color":"rgba(255, 255, 255, 0.46)"},"elements":[],"isInner":false,"widgetType":"divider","elType":"widget"}],"isInner":true,"elType":"column"},{"id":"11e04c13","settings":{"_column_size":25,"_inline_size":null,"content_position":"center"},"elements":[{"id":"7fc74b0c","settings":{"title":"02.","header_size":"div","title_color":"#00AEFF","typography_typography":"custom","typography_font_family":"Noto Serif JP","typography_font_size":{"unit":"px","size":40,"sizes":[]},"typography_font_weight":"300","_animation":"fadeIn","animation_duration":"slow"},"elements":[],"isInner":false,"widgetType":"heading","elType":"widget"},{"id":"7d04a2ad","settings":{"hz_section_title":"Pre-Built Websites","hz_section_subtitle":"Get started by choosing from one of our pre-built page templates to showcase your properties","section_title_typography_typography":"custom","section_title_typography_font_size":{"unit":"px","size":25,"sizes":[]},"section_title_typography_font_weight":"300","section_subtitle_typography_typography":"custom","houzez_section_title_align":"left","section_subtitle_typography_line_height":{"unit":"em","size":1.5,"sizes":[]},"houzez_section_title_color":"#FFFFFF","houzez_section_subtitle_color":"rgba(255, 255, 255, 0.63)","homey_main_title_spacing":{"unit":"px","size":15,"sizes":[]},"_animation":"fadeIn","animation_duration":"slow"},"elements":[],"isInner":false,"widgetType":"houzez_elementor_section_title","elType":"widget"},{"id":"8b11fd0","settings":{"width":{"unit":"%","size":30,"sizes":[]},"text":"Divider","color":"rgba(255, 255, 255, 0.46)"},"elements":[],"isInner":false,"widgetType":"divider","elType":"widget"}],"isInner":true,"elType":"column"},{"id":"12c1daad","settings":{"_column_size":25,"_inline_size":null,"content_position":"center"},"elements":[{"id":"311542d0","settings":{"title":"03.","header_size":"div","title_color":"#00AEFF","typography_typography":"custom","typography_font_family":"Noto Serif JP","typography_font_size":{"unit":"px","size":40,"sizes":[]},"typography_font_weight":"300","_animation":"fadeIn","animation_duration":"slow"},"elements":[],"isInner":false,"widgetType":"heading","elType":"widget"},{"id":"431aa142","settings":{"hz_section_title":"Highly Customizable","hz_section_subtitle":"Customize your  website to your expectations by using all of the theme features","section_title_typography_typography":"custom","section_title_typography_font_size":{"unit":"px","size":25,"sizes":[]},"section_title_typography_font_weight":"300","section_subtitle_typography_typography":"custom","houzez_section_title_align":"left","section_subtitle_typography_line_height":{"unit":"em","size":1.5,"sizes":[]},"houzez_section_title_color":"#FFFFFF","houzez_section_subtitle_color":"rgba(255, 255, 255, 0.63)","homey_main_title_spacing":{"unit":"px","size":15,"sizes":[]},"_animation":"fadeIn","animation_duration":"slow"},"elements":[],"isInner":false,"widgetType":"houzez_elementor_section_title","elType":"widget"},{"id":"17c60d5","settings":{"width":{"unit":"%","size":30,"sizes":[]},"text":"Divider","color":"rgba(255, 255, 255, 0.46)"},"elements":[],"isInner":false,"widgetType":"divider","elType":"widget"}],"isInner":true,"elType":"column"}],"isInner":true,"elType":"section"},{"id":"4e7b9ab4","settings":{"height":{"unit":"px","size":100,"sizes":[]}},"elements":[],"isInner":false,"widgetType":"houzez_elementor_space","elType":"widget"}],"isInner":false,"elType":"column"}],"isInner":false,"elType":"section"},{"id":"7b3a71ee","settings":{"layout":"full_width","background_color":"#FFFFFF"},"elements":[{"id":"202a1e57","settings":{"_column_size":100,"_inline_size":null},"elements":[{"id":"6f428ecb","settings":[],"elements":[],"isInner":false,"widgetType":"spacer","elType":"widget"},{"id":"76390e14","settings":[],"elements":[{"id":"71bcb3b3","settings":{"_column_size":100,"_inline_size":null},"elements":[{"id":"c212629","settings":{"hz_section_title":"Meet Our Real Estate Agents","section_title_typography_typography":"custom","section_title_typography_font_size":{"unit":"px","size":35,"sizes":[]},"section_title_typography_font_weight":"300","section_subtitle_typography_typography":"custom","houzez_section_title_margin_bottom":{"unit":"px","size":20,"sizes":[]},"_animation":"fadeIn","animation_duration":"slow","hz_section_subtitle":"Lorem ipsum dolor sit amet, consectetur adipiscing elit donec sollicitudin ","houzez_section_title_align":"left","houzez_section_subtitle_color":"#7A7A7A","section_title_typography_font_size_mobile":{"unit":"px","size":25,"sizes":[]},"section_subtitle_typography_font_size_mobile":{"unit":"px","size":16,"sizes":[]},"houzez_section_title_color":"#000000"},"elements":[],"isInner":false,"widgetType":"houzez_elementor_section_title","elType":"widget"}],"isInner":true,"elType":"column"}],"isInner":true,"elType":"section"},{"id":"57b4beac","settings":[],"elements":[{"id":"629e3f12","settings":{"_column_size":100,"_inline_size":null},"elements":[{"id":"43e8b562","settings":{"columns":"4","posts_limit":"9","orderby":"title","_animation":"fadeIn","animation_duration":"slow"},"elements":[],"isInner":false,"widgetType":"houzez_elementor_agents","elType":"widget"}],"isInner":true,"elType":"column"}],"isInner":true,"elType":"section"},{"id":"258f1f76","settings":{"space":{"unit":"px","size":70,"sizes":[]}},"elements":[],"isInner":false,"widgetType":"spacer","elType":"widget"}],"isInner":false,"elType":"column"}],"isInner":false,"elType":"section"},{"id":"53445081","settings":{"layout":"full_width","background_color":"#FFFFFF","background_position":"center center","background_repeat":"no-repeat","background_size":"cover","background_overlay_color":"#FFFFFF","background_overlay_position":"center right","background_overlay_repeat":"no-repeat","background_overlay_size":"auto","background_overlay_opacity":{"unit":"px","size":0.75,"sizes":[]},"box_shadow_box_shadow":{"horizontal":0,"vertical":20,"blur":40,"spread":-20,"color":"rgba(0,0,0,0.5)"},"box_shadow_box_shadow_position":"inset","background_background":"classic"},"elements":[{"id":"41306230","settings":{"_column_size":100,"_inline_size":null},"elements":[{"id":"71d5c3ef","settings":[],"elements":[],"isInner":false,"widgetType":"spacer","elType":"widget"},{"id":"40ccee7b","settings":[],"elements":[{"id":"39309aab","settings":{"_column_size":100,"_inline_size":null},"elements":[{"id":"6c75cf86","settings":{"hz_section_title":"Read From Our Blog","section_title_typography_typography":"custom","section_title_typography_font_size":{"unit":"px","size":35,"sizes":[]},"section_title_typography_font_weight":"300","section_subtitle_typography_typography":"custom","houzez_section_title_margin_bottom":{"unit":"px","size":20,"sizes":[]},"_animation":"fadeIn","animation_duration":"slow","hz_section_subtitle":"Lorem ipsum dolor sit amet, consectetur adipiscing elit donec sollicitudin ","houzez_section_title_align":"left","houzez_section_subtitle_color":"#7A7A7A","section_title_typography_font_size_mobile":{"unit":"px","size":25,"sizes":[]},"section_subtitle_typography_font_size_mobile":{"unit":"px","size":16,"sizes":[]},"houzez_section_title_color":"#000000"},"elements":[],"isInner":false,"widgetType":"houzez_elementor_section_title","elType":"widget"}],"isInner":true,"elType":"column"}],"isInner":true,"elType":"section"},{"id":"537d0575","settings":[],"elements":[{"id":"34e42b3b","settings":{"_column_size":100,"_inline_size":null},"elements":[{"id":"3379a924","settings":{"grid_style":"style_2","posts_limit":"9","_animation":"fadeIn","animation_duration":"slow"},"elements":[],"isInner":false,"widgetType":"houzez_elementor_blog_posts_carousel","elType":"widget"}],"isInner":true,"elType":"column"}],"isInner":true,"elType":"section"},{"id":"6a1621fc","settings":{"space":{"unit":"px","size":70,"sizes":[]}},"elements":[],"isInner":false,"widgetType":"spacer","elType":"widget"}],"isInner":false,"elType":"column"}],"isInner":false,"elType":"section"},{"id":"2e43d480","settings":{"background_background":"classic","background_color":"#FFFFFF","structure":"50","border_border":"solid","border_width":{"unit":"px","top":"1","right":"0","bottom":"0","left":"0","isLinked":false},"border_color":"#ECECEC","padding":{"unit":"px","top":"15","right":"0","bottom":"15","left":"0","isLinked":false}},"elements":[{"id":"49e18201","settings":{"_column_size":20,"_inline_size":null},"elements":[{"id":"671ac4aa","settings":{"image":{"url":"https:\/\/demo01.houzez.co\/wp-content\/uploads\/2016\/03\/partner-01-e1582734705113.jpg","id":1118}},"elements":[],"isInner":false,"widgetType":"image","elType":"widget"}],"isInner":false,"elType":"column"},{"id":"1830077a","settings":{"_column_size":20,"_inline_size":null},"elements":[{"id":"65249c94","settings":{"image":{"url":"https:\/\/demo01.houzez.co\/wp-content\/uploads\/2016\/03\/partner-02-e1582734691936.jpg","id":1119}},"elements":[],"isInner":false,"widgetType":"image","elType":"widget"}],"isInner":false,"elType":"column"},{"id":"66a0fd69","settings":{"_column_size":20,"_inline_size":null},"elements":[{"id":"cfc2343","settings":{"image":{"url":"https:\/\/demo01.houzez.co\/wp-content\/uploads\/2016\/03\/partner-04-e1582734649458.jpg","id":1121}},"elements":[],"isInner":false,"widgetType":"image","elType":"widget"}],"isInner":false,"elType":"column"},{"id":"22e2dd94","settings":{"_column_size":20,"_inline_size":null},"elements":[{"id":"2af1e227","settings":{"image":{"url":"https:\/\/demo01.houzez.co\/wp-content\/uploads\/2016\/03\/partner-03-e1582734671602.jpg","id":1120}},"elements":[],"isInner":false,"widgetType":"image","elType":"widget"}],"isInner":false,"elType":"column"},{"id":"13459603","settings":{"_column_size":20,"_inline_size":null},"elements":[{"id":"351c981d","settings":{"image":{"url":"https:\/\/demo01.houzez.co\/wp-content\/uploads\/2016\/03\/partner-05-e1582734603812.jpg","id":1122}},"elements":[],"isInner":false,"widgetType":"image","elType":"widget"}],"isInner":false,"elType":"column"}],"isInner":false,"elType":"section"}]}