{"version":"0.4","title":"Demo 08 &#8211; Homepage","type":"page","content":[{"id":"21728c55","settings":{"height":"full","background_background":"slideshow","background_position":"center center","background_repeat":"no-repeat","background_size":"cover","background_overlay_background":"gradient","structure":"30","layout":"full_width","column_position":"bottom","background_slideshow_gallery":[{"id":297,"url":"https:\/\/demo08.houzez.co\/wp-content\/uploads\/2020\/03\/02.jpg"},{"id":278,"url":"https:\/\/demo08.houzez.co\/wp-content\/uploads\/2020\/03\/01.jpg"},{"id":299,"url":"https:\/\/demo08.houzez.co\/wp-content\/uploads\/2020\/03\/04.jpg"}],"background_overlay_color":"#000000","background_overlay_color_b":"rgba(242, 41, 91, 0)","background_overlay_color_b_stop":{"unit":"%","size":50,"sizes":[]},"background_overlay_opacity":{"unit":"px","size":0.3,"sizes":[]},"padding":{"unit":"px","top":"70","right":"70","bottom":"70","left":"70","isLinked":true},"background_slideshow_ken_burns":"yes","padding_mobile":{"unit":"px","top":"0","right":"0","bottom":"0","left":"0","isLinked":true},"custom_height":{"unit":"vh","size":100,"sizes":[]},"custom_height_mobile":{"unit":"vh","size":100,"sizes":[]}},"elements":[{"id":"12557754","settings":{"_column_size":33,"_inline_size":40},"elements":[{"id":"4f3e37dd","settings":{"space_mobile":{"unit":"px","size":160,"sizes":[]}},"elements":[],"isInner":false,"widgetType":"spacer","elType":"widget"},{"id":"4089e5c6","settings":{"content_position":"middle","background_background":"classic","background_color":"#FFFFFF","padding":{"unit":"px","top":"50","right":"50","bottom":"50","left":"50","isLinked":true},"padding_mobile":{"unit":"px","top":"20","right":"20","bottom":"20","left":"20","isLinked":true},"animation":"fadeInLeft","animation_delay":500},"elements":[{"id":"5d3b4a43","settings":{"_column_size":100,"_inline_size":null,"space_between_widgets":0,"background_color":"rgba(255, 255, 255, 0.95)"},"elements":[{"id":"6c8229ad","settings":{"hz_section_title":"Silent Cider Dale","houzez_section_title_color":"#000000","section_title_typography_typography":"custom","section_title_typography_font_family":"Playfair Display SC","section_title_typography_text_transform":"capitalize","hz_section_subtitle":"Lake Forest, CA","section_title_typography_font_size":{"unit":"px","size":40,"sizes":[]},"section_subtitle_typography_typography":"custom","section_subtitle_typography_font_family":"Playfair Display SC","houzez_section_title_align":"left","houzez_section_subtitle_color":"#000000","section_subtitle_typography_font_size":{"unit":"px","size":20,"sizes":[]},"_background_background":"classic","homey_main_title_spacing":{"unit":"px","size":10,"sizes":[]},"houzez_section_title_margin_bottom":{"unit":"px","size":15,"sizes":[]},"section_title_typography_font_size_mobile":{"unit":"px","size":27,"sizes":[]},"section_subtitle_typography_font_size_mobile":{"unit":"px","size":14,"sizes":[]},"homey_main_title_spacing_mobile":{"unit":"px","size":5,"sizes":[]},"homey_subtitle_spacing_mobile":{"unit":"px","size":5,"sizes":[]},"houzez_section_title_margin_bottom_mobile":{"unit":"px","size":10,"sizes":[]}},"elements":[],"isInner":false,"widgetType":"houzez_elementor_section_title","elType":"widget"},{"id":"5981bd19","settings":{"editor":"<p>For Sale: $3,980,000\u00a0\u2022 6 Beds \u2022 4 Full, 2 Half Baths<\/p>","align":"left","text_color":"#54595F","typography_typography":"custom","typography_font_size":{"unit":"px","size":16,"sizes":[]},"typography_line_height":{"unit":"em","size":1.75,"sizes":[]},"typography_font_size_mobile":{"unit":"px","size":14,"sizes":[]}},"elements":[],"isInner":false,"widgetType":"text-editor","elType":"widget"},{"id":"426d7578","settings":{"hz_section_title":"Request Info","houzez_section_title_color":"#000000","section_title_typography_typography":"custom","section_title_typography_font_family":"Playfair Display SC","section_title_typography_text_transform":"capitalize","section_title_typography_font_size":{"unit":"px","size":18,"sizes":[]},"section_subtitle_typography_typography":"custom","section_subtitle_typography_font_family":"Playfair Display SC","houzez_section_title_align":"left","houzez_section_subtitle_color":"#FFFFFF","section_subtitle_typography_font_size":{"unit":"px","size":20,"sizes":[]},"_background_background":"classic"},"elements":[],"isInner":false,"widgetType":"houzez_elementor_section_title","elType":"widget"},{"id":"6338746","settings":{"form_name":"New Form","form_fields":[{"_id":"name","field_type":"name","field_label":"Name","placeholder":"Name","width":"100","required":"","field_options":"","width_tablet":"","width_mobile":"","rows":4},{"_id":"email","field_type":"email","required":"true","field_label":"Email","placeholder":"Email","width":"50","field_options":"","width_tablet":"","width_mobile":"","rows":4},{"field_type":"mobile","required":"true","field_label":"Phone","placeholder":"Phone","width":"50","field_options":"","width_tablet":"","width_mobile":"","rows":4,"_id":"14cb1d7"}],"show_labels":"","button_text":"Submit","email_to":"hello@favethemes.com","email_subject":"New message from &quot;Houzez - Highly Customizable Real Estate WordPress Theme&quot;","button_background_color":"#70B246","button_text_color":"#FFFFFF","button_typography_typography":"custom","button_typography_font_family":"Playfair Display SC","button_typography_font_size":{"unit":"px","size":18,"sizes":[]},"button_border_width":{"unit":"px","top":"1","right":"1","bottom":"1","left":"1","isLinked":true},"button_border_color":"#7A7A7A","button_border_radius":{"unit":"px","top":"4","right":"4","bottom":"4","left":"4","isLinked":true},"button_text_padding":{"unit":"px","top":"12","right":"12","bottom":"12","left":"12","isLinked":true},"button_background_hover_color":"rgba(112, 178, 70, 0.85)"},"elements":[],"isInner":false,"widgetType":"houzez_elementor_contact_form","elType":"widget"}],"isInner":true,"elType":"column"}],"isInner":true,"elType":"section"}],"isInner":false,"elType":"column"},{"id":"5f52350","settings":{"_column_size":33,"_inline_size":54.386},"elements":[],"isInner":false,"elType":"column"},{"id":"7ceaf3e1","settings":{"_column_size":33,"_inline_size":5.251},"elements":[],"isInner":false,"elType":"column"}],"isInner":false,"elType":"section"},{"id":"251b89f","settings":{"_element_id":"about","animation":"fadeIn","custom_height":{"unit":"vh","size":100,"sizes":[]}},"elements":[{"id":"493d302b","settings":{"_column_size":100,"_inline_size":null},"elements":[{"id":"4f115830","settings":[],"elements":[{"id":"6b56f91b","settings":{"_column_size":100,"_inline_size":null},"elements":[{"id":"7899a240","settings":{"space":{"unit":"px","size":100,"sizes":[]}},"elements":[],"isInner":false,"widgetType":"spacer","elType":"widget"},{"id":"32d489f9","settings":{"hz_section_title":"About the property","houzez_section_title_color":"#000000","section_title_typography_typography":"custom","section_title_typography_font_family":"Playfair Display SC","section_title_typography_text_transform":"capitalize","hz_section_subtitle":"For Sale: $3,980,000","section_title_typography_font_size":{"unit":"px","size":40,"sizes":[]},"section_subtitle_typography_typography":"custom","section_subtitle_typography_font_family":"Playfair Display SC","houzez_section_subtitle_color":"#000000","section_subtitle_typography_font_size":{"unit":"px","size":20,"sizes":[]},"_background_background":"classic","homey_main_title_spacing":{"unit":"px","size":10,"sizes":[]},"houzez_section_title_margin_bottom":{"unit":"px","size":0,"sizes":[]},"homey_subtitle_spacing":{"unit":"px","size":0,"sizes":[]},"section_title_typography_font_size_mobile":{"unit":"px","size":28,"sizes":[]},"section_subtitle_typography_font_size_mobile":{"unit":"px","size":16,"sizes":[]},"homey_main_title_spacing_mobile":{"unit":"px","size":8,"sizes":[]},"homey_subtitle_spacing_mobile":{"unit":"px","size":5,"sizes":[]},"houzez_section_title_margin_bottom_mobile":{"unit":"px","size":8,"sizes":[]}},"elements":[],"isInner":false,"widgetType":"houzez_elementor_section_title","elType":"widget"},{"id":"640e7055","settings":{"height_mobile":{"unit":"px","size":0,"sizes":[]},"height":{"unit":"px","size":20,"sizes":[]}},"elements":[],"isInner":false,"widgetType":"houzez_elementor_space","elType":"widget"},{"id":"3533d106","settings":{"icon_boxes":[{"icon_type":"custom_icon","custom_icon":{"url":"https:\/\/wordpress-248995-779749.cloudwaysapps.com\/wp-content\/uploads\/2016\/06\/Vector-Smart-Object.png","id":183},"title":"Built in 1976","text":"Lorem ipsum dolor sit amet, consectetur elit est","_id":"aed1212"},{"icon_type":"custom_icon","custom_icon":{"url":"https:\/\/wordpress-248995-779749.cloudwaysapps.com\/wp-content\/uploads\/2016\/06\/Vector-Smart-Object-2.png","id":177},"title":"6 Bedrooms","text":"Lorem ipsum dolor sit amet, consectetur elit est","_id":"b99db66"},{"icon_type":"custom_icon","custom_icon":{"url":"https:\/\/wordpress-248995-779749.cloudwaysapps.com\/wp-content\/uploads\/2016\/06\/Vector-Smart-Object-4.png","id":179},"title":"4 Bathrooms","text":"Lorem ipsum dolor sit amet, consectetur elit est","_id":"81523f5"},{"icon_type":"custom_icon","custom_icon":{"url":"https:\/\/wordpress-248995-779749.cloudwaysapps.com\/wp-content\/uploads\/2016\/06\/Vector-Smart-Object-3.png","id":178},"title":"2 Pools","text":"Lorem ipsum dolor sit amet, consectetur elit est","_id":"093eb78"}],"icon_boxes_style":"style3","icon_boxes_columns":"four_columns","title_typography_a_typography":"custom","title_typography_a_font_family":"Libre Franklin","title_typography_a_font_size":{"unit":"px","size":18,"sizes":[]},"title_typography_a_font_weight":"500","description_typography_a_typography":"custom","description_typography_a_font_family":"Libre Franklin","description_typography_a_font_size":{"unit":"px","size":14,"sizes":[]}},"elements":[],"isInner":false,"widgetType":"houzez_elementor_icon_box","elType":"widget"},{"id":"5b6b6d90","settings":{"icon_boxes":[{"icon_type":"custom_icon","custom_icon":{"url":"https:\/\/wordpress-248995-779749.cloudwaysapps.com\/wp-content\/uploads\/2016\/06\/Vector-Smart-Object-1.png","id":176},"title":"3 Parking","text":"Lorem ipsum dolor sit amet, consectetur elit est","_id":"aed1212"},{"icon_type":"custom_icon","custom_icon":{"url":"https:\/\/wordpress-248995-779749.cloudwaysapps.com\/wp-content\/uploads\/2016\/06\/Vector-Smart-Object-5.png","id":180},"title":"1 Floor","text":"Lorem ipsum dolor sit amet, consectetur elit est","_id":"b99db66"},{"icon_type":"custom_icon","custom_icon":{"url":"https:\/\/wordpress-248995-779749.cloudwaysapps.com\/wp-content\/uploads\/2016\/06\/Vector-Smart-Object-7.png","id":182},"title":"2475 Sq Ft","text":"Lorem ipsum dolor sit amet, consectetur elit est","_id":"81523f5"},{"icon_type":"custom_icon","custom_icon":{"url":"https:\/\/wordpress-248995-779749.cloudwaysapps.com\/wp-content\/uploads\/2016\/06\/Vector-Smart-Object-6.png","id":181},"title":"LOT 1.6 Acres","text":"Lorem ipsum dolor sit amet, consectetur elit est","_id":"093eb78"}],"icon_boxes_style":"style3","icon_boxes_columns":"four_columns","title_typography_a_typography":"custom","title_typography_a_font_family":"Libre Franklin","title_typography_a_font_size":{"unit":"px","size":18,"sizes":[]},"title_typography_a_font_weight":"500","description_typography_a_typography":"custom","description_typography_a_font_family":"Libre Franklin","description_typography_a_font_size":{"unit":"px","size":14,"sizes":[]}},"elements":[],"isInner":false,"widgetType":"houzez_elementor_icon_box","elType":"widget"},{"id":"3b581b67","settings":{"space":{"unit":"px","size":100,"sizes":[]}},"elements":[],"isInner":false,"widgetType":"spacer","elType":"widget"}],"isInner":true,"elType":"column"}],"isInner":true,"elType":"section"}],"isInner":false,"elType":"column"}],"isInner":false,"elType":"section"},{"id":"5b75c3f0","settings":{"layout":"full_width","structure":"20","_element_id":"neighborhood","background_background":"classic","background_image":{"url":"https:\/\/demo08.houzez.co\/wp-content\/uploads\/2020\/03\/06.jpg","id":319},"height":"full","column_position":"bottom","background_position":"center center","background_repeat":"no-repeat","background_size":"cover","background_overlay_color":"#000000","background_overlay_color_b":"rgba(242, 41, 91, 0)","background_overlay_color_b_stop":{"unit":"%","size":50,"sizes":[]},"background_overlay_opacity":{"unit":"px","size":0.3,"sizes":[]},"padding":{"unit":"px","top":"70","right":"70","bottom":"70","left":"70","isLinked":true},"background_attachment":"fixed","custom_height":{"unit":"vh","size":100,"sizes":[]},"padding_mobile":{"unit":"px","top":"20","right":"20","bottom":"20","left":"20","isLinked":true}},"elements":[{"id":"47c0185e","settings":{"_column_size":50,"_inline_size":58.947,"background_background":"classic","background_image":{"url":"https:\/\/wordpress-248995-779749.cloudwaysapps.com\/wp-content\/uploads\/2016\/06\/slide-1.jpg","id":70},"background_position":"center center","background_attachment":"scroll","background_repeat":"no-repeat","padding":{"unit":"px","top":"50","right":"50","bottom":"50","left":"50","isLinked":true}},"elements":[{"id":"7eb776e7","settings":[],"elements":[],"isInner":false,"widgetType":"houzez_elementor_space","elType":"widget"}],"isInner":false,"elType":"column"},{"id":"4b294b5b","settings":{"_column_size":50,"_inline_size":41.009,"background_background":"classic"},"elements":[{"id":"5d5dfa72","settings":[],"elements":[{"id":"2689fd02","settings":{"_column_size":100,"_inline_size":null},"elements":[],"isInner":true,"elType":"column"}],"isInner":true,"elType":"section"},{"id":"60b126d7","settings":{"content_position":"middle","background_background":"classic","background_color":"#FFFFFF","padding":{"unit":"px","top":"50","right":"50","bottom":"50","left":"50","isLinked":true},"animation":"fadeInRight","padding_mobile":{"unit":"px","top":"20","right":"20","bottom":"20","left":"20","isLinked":true}},"elements":[{"id":"703f4dba","settings":{"_column_size":100,"_inline_size":null,"background_color":"rgba(255, 255, 255, 0.95)"},"elements":[{"id":"1379e4ec","settings":{"hz_section_title":"Neighborhood","houzez_section_title_color":"#000000","section_title_typography_typography":"custom","section_title_typography_font_family":"Playfair Display SC","section_title_typography_text_transform":"capitalize","hz_section_subtitle":"Lake Forest, CA","section_title_typography_font_size":{"unit":"px","size":30,"sizes":[]},"section_subtitle_typography_typography":"custom","section_subtitle_typography_font_family":"Playfair Display SC","houzez_section_subtitle_color":"#000000","section_subtitle_typography_font_size":{"unit":"px","size":15,"sizes":[]},"_background_background":"classic","homey_main_title_spacing":{"unit":"px","size":5,"sizes":[]},"houzez_section_title_margin_bottom":{"unit":"px","size":10,"sizes":[]},"homey_subtitle_spacing":{"unit":"px","size":0,"sizes":[]}},"elements":[],"isInner":false,"widgetType":"houzez_elementor_section_title","elType":"widget"},{"id":"46f123c9","settings":{"editor":"<p>Lake Forest has two lakes from which the city gets its name. The lakes are man-made, and condominiums and custom homes ranging from large to small line their shores. Neighborhood associations manage the lakes. Each facility features tennis courts, gyms, basketball courts, barbecue pits, volleyball courts, saunas, hot tubs and club houses for social events.<\/p>","align":"center","text_color":"#54595F","typography_typography":"custom","typography_font_family":"Libre Franklin","typography_font_size":{"unit":"px","size":15,"sizes":[]},"typography_line_height":{"unit":"em","size":1.75,"sizes":[]}},"elements":[],"isInner":false,"widgetType":"text-editor","elType":"widget"}],"isInner":true,"elType":"column"}],"isInner":true,"elType":"section"}],"isInner":false,"elType":"column"}],"isInner":false,"elType":"section"},{"id":"110d8bb5","settings":{"_element_id":"amenities","animation":"fadeIn","custom_height":{"unit":"vh","size":100,"sizes":[]}},"elements":[{"id":"3e11a55f","settings":{"_column_size":100,"_inline_size":null},"elements":[{"id":"3ddefc4e","settings":[],"elements":[{"id":"725cd42d","settings":{"_column_size":100,"_inline_size":null},"elements":[{"id":"2fef5eb5","settings":{"space":{"unit":"px","size":100,"sizes":[]}},"elements":[],"isInner":false,"widgetType":"spacer","elType":"widget"},{"id":"37ab7508","settings":{"hz_section_title":"Amenities","houzez_section_title_color":"#000000","section_title_typography_typography":"custom","section_title_typography_font_family":"Playfair Display SC","section_title_typography_text_transform":"capitalize","hz_section_subtitle":"Complete List of Amenities and Features","section_title_typography_font_size":{"unit":"px","size":40,"sizes":[]},"section_subtitle_typography_typography":"custom","section_subtitle_typography_font_family":"Playfair Display SC","houzez_section_subtitle_color":"#000000","section_subtitle_typography_font_size":{"unit":"px","size":20,"sizes":[]},"_background_background":"classic","homey_main_title_spacing":{"unit":"px","size":10,"sizes":[]},"houzez_section_title_margin_bottom":{"unit":"px","size":0,"sizes":[]},"homey_subtitle_spacing":{"unit":"px","size":0,"sizes":[]},"section_title_typography_font_size_mobile":{"unit":"px","size":28,"sizes":[]},"section_subtitle_typography_font_size_mobile":{"unit":"px","size":16,"sizes":[]},"homey_main_title_spacing_mobile":{"unit":"px","size":8,"sizes":[]},"homey_subtitle_spacing_mobile":{"unit":"px","size":5,"sizes":[]},"houzez_section_title_margin_bottom_mobile":{"unit":"px","size":8,"sizes":[]}},"elements":[],"isInner":false,"widgetType":"houzez_elementor_section_title","elType":"widget"},{"id":"34f78109","settings":{"height_mobile":{"unit":"px","size":0,"sizes":[]},"height":{"unit":"px","size":20,"sizes":[]}},"elements":[],"isInner":false,"widgetType":"houzez_elementor_space","elType":"widget"}],"isInner":true,"elType":"column"}],"isInner":true,"elType":"section"},{"id":"55b5704e","settings":{"structure":"40","background_color":"rgba(112, 178, 70, 0.05)","padding":{"unit":"px","top":"40","right":"40","bottom":"40","left":"40","isLinked":true}},"elements":[{"id":"32e6b9f4","settings":{"_column_size":25,"_inline_size":null},"elements":[{"id":"1232cb4c","settings":{"icon_list":[{"text":"Washer and Dryer","selected_icon":{"value":"fas fa-check","library":"fa-solid"},"_id":"5dacf31","link":{"url":"","is_external":"","nofollow":"","custom_attributes":""}},{"text":"Air Conditioning","selected_icon":{"value":"fas fa-check","library":"fa-solid"},"link":{"url":"","is_external":"","nofollow":"","custom_attributes":""},"_id":"18180c5"},{"text":"Patio","selected_icon":{"value":"fas fa-check","library":"fa-solid"},"link":{"url":"","is_external":"","nofollow":"","custom_attributes":""},"_id":"93dcae6"},{"text":"Furniture","selected_icon":{"value":"fas fa-check","library":"fa-solid"},"link":{"url":"","is_external":"","nofollow":"","custom_attributes":""},"_id":"5489a3f"},{"text":"Hardwood Floors","selected_icon":{"value":"fas fa-check","library":"fa-solid"},"link":{"url":"","is_external":"","nofollow":"","custom_attributes":""},"_id":"b87c129"},{"text":"Dishwasher","selected_icon":{"value":"fas fa-check","library":"fa-solid"},"link":{"url":"","is_external":"","nofollow":"","custom_attributes":""},"_id":"efa35af"}],"space_between":{"unit":"px","size":10,"sizes":[]},"icon_align":"left","icon_color":"rgba(112, 178, 70, 0.85)","icon_size":{"unit":"px","size":18,"sizes":[]},"text_color":"#000000","text_indent":{"unit":"px","size":5,"sizes":[]}},"elements":[],"isInner":false,"widgetType":"icon-list","elType":"widget"}],"isInner":true,"elType":"column"},{"id":"1827ee9c","settings":{"_column_size":25,"_inline_size":null},"elements":[{"id":"503473a3","settings":{"icon_list":[{"text":"Fireplace","selected_icon":{"value":"fas fa-check","library":"fa-solid"},"_id":"5dacf31","link":{"url":"","is_external":"","nofollow":"","custom_attributes":""}},{"text":"Wi-Fi","selected_icon":{"value":"fas fa-check","library":"fa-solid"},"link":{"url":"","is_external":"","nofollow":"","custom_attributes":""},"_id":"18180c5"},{"text":"Surround sound","selected_icon":{"value":"fas fa-check","library":"fa-solid"},"link":{"url":"","is_external":"","nofollow":"","custom_attributes":""},"_id":"93dcae6"},{"text":"Built-in dressing vanities","selected_icon":{"value":"fas fa-check","library":"fa-solid"},"link":{"url":"","is_external":"","nofollow":"","custom_attributes":""},"_id":"5489a3f"},{"text":"Separate shower","selected_icon":{"value":"fas fa-check","library":"fa-solid"},"link":{"url":"","is_external":"","nofollow":"","custom_attributes":""},"_id":"b87c129"},{"text":"Rainshower heads","selected_icon":{"value":"fas fa-check","library":"fa-solid"},"link":{"url":"","is_external":"","nofollow":"","custom_attributes":""},"_id":"efa35af"}],"space_between":{"unit":"px","size":10,"sizes":[]},"icon_align":"left","icon_color":"rgba(112, 178, 70, 0.85)","icon_size":{"unit":"px","size":18,"sizes":[]},"text_color":"#000000","text_indent":{"unit":"px","size":5,"sizes":[]}},"elements":[],"isInner":false,"widgetType":"icon-list","elType":"widget"}],"isInner":true,"elType":"column"},{"id":"71a6fff8","settings":{"_column_size":25,"_inline_size":null},"elements":[{"id":"2fd1add5","settings":{"icon_list":[{"text":"Solar heat","selected_icon":{"value":"fas fa-check","library":"fa-solid"},"_id":"5dacf31","link":{"url":"","is_external":"","nofollow":"","custom_attributes":""}},{"text":"Storm windows","selected_icon":{"value":"fas fa-check","library":"fa-solid"},"link":{"url":"","is_external":"","nofollow":"","custom_attributes":""},"_id":"18180c5"},{"text":"Tankless water heater","selected_icon":{"value":"fas fa-check","library":"fa-solid"},"link":{"url":"","is_external":"","nofollow":"","custom_attributes":""},"_id":"93dcae6"},{"text":"Ramps","selected_icon":{"value":"fas fa-check","library":"fa-solid"},"link":{"url":"","is_external":"","nofollow":"","custom_attributes":""},"_id":"5489a3f"},{"text":"Whole house fan","selected_icon":{"value":"fas fa-check","library":"fa-solid"},"link":{"url":"","is_external":"","nofollow":"","custom_attributes":""},"_id":"b87c129"},{"text":"Balcony","selected_icon":{"value":"fas fa-check","library":"fa-solid"},"link":{"url":"","is_external":"","nofollow":"","custom_attributes":""},"_id":"efa35af"}],"space_between":{"unit":"px","size":10,"sizes":[]},"icon_align":"left","icon_color":"rgba(112, 178, 70, 0.85)","icon_size":{"unit":"px","size":18,"sizes":[]},"text_color":"#000000","text_indent":{"unit":"px","size":5,"sizes":[]}},"elements":[],"isInner":false,"widgetType":"icon-list","elType":"widget"}],"isInner":true,"elType":"column"},{"id":"62a637cf","settings":{"_column_size":25,"_inline_size":null},"elements":[{"id":"10c190dc","settings":{"icon_list":[{"text":"Surround sound","selected_icon":{"value":"fas fa-check","library":"fa-solid"},"link":{"url":"","is_external":"","nofollow":"","custom_attributes":""},"_id":"93dcae6"},{"text":"Separate shower","selected_icon":{"value":"fas fa-check","library":"fa-solid"},"link":{"url":"","is_external":"","nofollow":"","custom_attributes":""},"_id":"b87c129"},{"text":"Fireplace","selected_icon":{"value":"fas fa-check","library":"fa-solid"},"_id":"5dacf31","link":{"url":"","is_external":"","nofollow":"","custom_attributes":""}},{"text":"Rainshower heads","selected_icon":{"value":"fas fa-check","library":"fa-solid"},"link":{"url":"","is_external":"","nofollow":"","custom_attributes":""},"_id":"efa35af"},{"text":"Wi-Fi","selected_icon":{"value":"fas fa-check","library":"fa-solid"},"link":{"url":"","is_external":"","nofollow":"","custom_attributes":""},"_id":"18180c5"},{"text":"Built-in dressing vanities","selected_icon":{"value":"fas fa-check","library":"fa-solid"},"link":{"url":"","is_external":"","nofollow":"","custom_attributes":""},"_id":"5489a3f"}],"space_between":{"unit":"px","size":10,"sizes":[]},"icon_align":"left","icon_color":"rgba(112, 178, 70, 0.85)","icon_size":{"unit":"px","size":18,"sizes":[]},"text_color":"#000000","text_indent":{"unit":"px","size":5,"sizes":[]}},"elements":[],"isInner":false,"widgetType":"icon-list","elType":"widget"}],"isInner":true,"elType":"column"}],"isInner":true,"elType":"section"},{"id":"45f561e2","settings":{"height":{"unit":"px","size":100,"sizes":[]}},"elements":[],"isInner":false,"widgetType":"houzez_elementor_space","elType":"widget"}],"isInner":false,"elType":"column"}],"isInner":false,"elType":"section"},{"id":"21193468","settings":{"background_background":"classic","background_color":"#F9F9F9","_element_id":"map","animation":"fadeIn","custom_height":{"unit":"vh","size":100,"sizes":[]}},"elements":[{"id":"3584b92b","settings":{"_column_size":100,"_inline_size":null},"elements":[{"id":"5a28109f","settings":{"content_width":{"unit":"px","size":900,"sizes":[]}},"elements":[{"id":"220ad43f","settings":{"_column_size":100,"_inline_size":null},"elements":[{"id":"314c5afe","settings":{"space":{"unit":"px","size":100,"sizes":[]}},"elements":[],"isInner":false,"widgetType":"spacer","elType":"widget"},{"id":"d22fd8f","settings":{"hz_section_title":"Map & Directions","houzez_section_title_color":"#000000","section_title_typography_typography":"custom","section_title_typography_font_family":"Playfair Display SC","section_title_typography_text_transform":"capitalize","section_title_typography_font_size":{"unit":"px","size":40,"sizes":[]},"section_subtitle_typography_typography":"custom","section_subtitle_typography_font_family":"Playfair Display SC","houzez_section_subtitle_color":"#000000","section_subtitle_typography_font_size":{"unit":"px","size":20,"sizes":[]},"_background_background":"classic","homey_main_title_spacing":{"unit":"px","size":10,"sizes":[]},"houzez_section_title_margin_bottom":{"unit":"px","size":0,"sizes":[]},"hz_section_subtitle":"Lorem ipsum dolor sit amet, conse tetur elit","homey_subtitle_spacing":{"unit":"px","size":0,"sizes":[]},"section_title_typography_font_size_mobile":{"unit":"px","size":28,"sizes":[]},"section_subtitle_typography_font_size_mobile":{"unit":"px","size":16,"sizes":[]},"homey_main_title_spacing_mobile":{"unit":"px","size":8,"sizes":[]},"homey_subtitle_spacing_mobile":{"unit":"px","size":5,"sizes":[]},"houzez_section_title_margin_bottom_mobile":{"unit":"px","size":8,"sizes":[]}},"elements":[],"isInner":false,"widgetType":"houzez_elementor_section_title","elType":"widget"},{"id":"5a4abbe0","settings":{"height_mobile":{"unit":"px","size":0,"sizes":[]},"height":{"unit":"px","size":20,"sizes":[]}},"elements":[],"isInner":false,"widgetType":"houzez_elementor_space","elType":"widget"},{"id":"339e139d","settings":{"address":"Lake Forest, CA","zoom":{"unit":"px","size":14,"sizes":[]},"height":{"unit":"px","size":400,"sizes":[]},"css_filters_css_filter":"custom","css_filters_brightness":{"unit":"px","size":107,"sizes":[]},"css_filters_contrast":{"unit":"px","size":101,"sizes":[]},"css_filters_saturate":{"unit":"px","size":79,"sizes":[]},"_box_shadow_box_shadow_type":"yes","_box_shadow_box_shadow":{"horizontal":0,"vertical":20,"blur":40,"spread":0,"color":"rgba(0, 0, 0, 0.1)"}},"elements":[],"isInner":false,"widgetType":"google_maps","elType":"widget"},{"id":"bda7477","settings":{"space":{"unit":"px","size":100,"sizes":[]}},"elements":[],"isInner":false,"widgetType":"spacer","elType":"widget"}],"isInner":true,"elType":"column"}],"isInner":true,"elType":"section"},{"id":"69386ee9","settings":[],"elements":[],"isInner":false,"widgetType":"houzez_elementor_space","elType":"widget"}],"isInner":false,"elType":"column"}],"isInner":false,"elType":"section"},{"id":"69e5019d","settings":{"background_color":"#FBFBFB","layout":"full_width","gap":"no","_element_id":"gallery","animation":"fadeIn","custom_height":{"unit":"vh","size":100,"sizes":[]}},"elements":[{"id":"23edf4cc","settings":{"_column_size":100,"_inline_size":null},"elements":[{"id":"5977bca4","settings":{"space":{"unit":"px","size":100,"sizes":[]}},"elements":[],"isInner":false,"widgetType":"spacer","elType":"widget"},{"id":"1635e003","settings":{"hz_section_title":"Photo Gallery","houzez_section_title_color":"#000000","section_title_typography_typography":"custom","section_title_typography_font_family":"Playfair Display SC","section_title_typography_text_transform":"capitalize","section_title_typography_font_size":{"unit":"px","size":40,"sizes":[]},"section_subtitle_typography_typography":"custom","section_subtitle_typography_font_family":"Playfair Display SC","houzez_section_subtitle_color":"#000000","section_subtitle_typography_font_size":{"unit":"px","size":20,"sizes":[]},"_background_background":"classic","homey_main_title_spacing":{"unit":"px","size":10,"sizes":[]},"houzez_section_title_margin_bottom":{"unit":"px","size":0,"sizes":[]},"hz_section_subtitle":"Lorem ipsum dolor sit amet, conse tetur elit","homey_subtitle_spacing":{"unit":"px","size":0,"sizes":[]},"section_title_typography_font_size_mobile":{"unit":"px","size":28,"sizes":[]},"section_subtitle_typography_font_size_mobile":{"unit":"px","size":16,"sizes":[]},"homey_main_title_spacing_mobile":{"unit":"px","size":8,"sizes":[]},"homey_subtitle_spacing_mobile":{"unit":"px","size":5,"sizes":[]},"houzez_section_title_margin_bottom_mobile":{"unit":"px","size":8,"sizes":[]}},"elements":[],"isInner":false,"widgetType":"houzez_elementor_section_title","elType":"widget"},{"id":"6c427fc4","settings":{"height_mobile":{"unit":"px","size":0,"sizes":[]},"height":{"unit":"px","size":20,"sizes":[]}},"elements":[],"isInner":false,"widgetType":"houzez_elementor_space","elType":"widget"},{"id":"34ed8094","settings":{"height":{"unit":"px","size":0,"sizes":[]}},"elements":[],"isInner":false,"widgetType":"houzez_elementor_space","elType":"widget"},{"id":"46253eb8","settings":{"wp_gallery":[{"id":347,"url":"https:\/\/demo08.houzez.co\/wp-content\/uploads\/2020\/03\/09.jpg"},{"id":354,"url":"https:\/\/demo08.houzez.co\/wp-content\/uploads\/2020\/03\/16.jpg"},{"id":350,"url":"https:\/\/demo08.houzez.co\/wp-content\/uploads\/2020\/03\/12.jpg"},{"id":353,"url":"https:\/\/demo08.houzez.co\/wp-content\/uploads\/2020\/03\/15.jpg"},{"id":349,"url":"https:\/\/demo08.houzez.co\/wp-content\/uploads\/2020\/03\/11.jpg"},{"id":352,"url":"https:\/\/demo08.houzez.co\/wp-content\/uploads\/2020\/03\/14.jpg"},{"id":348,"url":"https:\/\/demo08.houzez.co\/wp-content\/uploads\/2020\/03\/10.jpg"},{"id":345,"url":"https:\/\/demo08.houzez.co\/wp-content\/uploads\/2020\/03\/07.jpg"},{"id":351,"url":"https:\/\/demo08.houzez.co\/wp-content\/uploads\/2020\/03\/13.jpg"},{"id":346,"url":"https:\/\/demo08.houzez.co\/wp-content\/uploads\/2020\/03\/08.jpg"},{"id":355,"url":"https:\/\/demo08.houzez.co\/wp-content\/uploads\/2020\/03\/17.jpg"},{"id":358,"url":"https:\/\/demo08.houzez.co\/wp-content\/uploads\/2020\/03\/05.jpg"}],"thumbnail_size":"houzez-item-image-6","_padding":{"unit":"px","top":"0","right":"0","bottom":"0","left":"0","isLinked":true},"gallery_display_caption":"none","gallery_columns":"4","image_spacing":"custom","image_spacing_custom":{"unit":"px","size":2,"sizes":[]}},"elements":[],"isInner":false,"widgetType":"image-gallery","elType":"widget"}],"isInner":false,"elType":"column"}],"isInner":false,"elType":"section"},{"id":"7de0b27e","settings":{"background_background":"classic","background_color":"#F9F9F9","_element_id":"tour","animation":"fadeIn","custom_height":{"unit":"vh","size":100,"sizes":[]}},"elements":[{"id":"25014c61","settings":{"_column_size":100,"_inline_size":null},"elements":[{"id":"1b3a7aaf","settings":{"content_width":{"unit":"px","size":900,"sizes":[]}},"elements":[{"id":"143fbb85","settings":{"_column_size":100,"_inline_size":null},"elements":[{"id":"388212e5","settings":{"space":{"unit":"px","size":100,"sizes":[]}},"elements":[],"isInner":false,"widgetType":"spacer","elType":"widget"},{"id":"61ccf11b","settings":{"hz_section_title":"3d Tour","houzez_section_title_color":"#000000","section_title_typography_typography":"custom","section_title_typography_font_family":"Playfair Display SC","section_title_typography_text_transform":"capitalize","section_title_typography_font_size":{"unit":"px","size":40,"sizes":[]},"section_subtitle_typography_typography":"custom","section_subtitle_typography_font_family":"Playfair Display SC","houzez_section_subtitle_color":"#000000","section_subtitle_typography_font_size":{"unit":"px","size":20,"sizes":[]},"_background_background":"classic","homey_main_title_spacing":{"unit":"px","size":10,"sizes":[]},"houzez_section_title_margin_bottom":{"unit":"px","size":0,"sizes":[]},"hz_section_subtitle":"Lorem ipsum dolor sit amet, conse tetur elit","homey_subtitle_spacing":{"unit":"px","size":0,"sizes":[]},"section_title_typography_font_size_mobile":{"unit":"px","size":28,"sizes":[]},"section_subtitle_typography_font_size_mobile":{"unit":"px","size":16,"sizes":[]},"homey_main_title_spacing_mobile":{"unit":"px","size":8,"sizes":[]},"homey_subtitle_spacing_mobile":{"unit":"px","size":5,"sizes":[]},"houzez_section_title_margin_bottom_mobile":{"unit":"px","size":8,"sizes":[]}},"elements":[],"isInner":false,"widgetType":"houzez_elementor_section_title","elType":"widget"},{"id":"7c17cce9","settings":{"height_mobile":{"unit":"px","size":0,"sizes":[]},"height":{"unit":"px","size":20,"sizes":[]}},"elements":[],"isInner":false,"widgetType":"houzez_elementor_space","elType":"widget"},{"id":"6b68ccd9","settings":{"html":"<iframe width=\"853\" height=\"480\" src=\"https:\/\/my.matterport.com\/show\/?m=zEWsxhZpGba&play=1&qs=1\" frameborder=\"0\" allowfullscreen=\"allowfullscreen\"><\/iframe>","_box_shadow_box_shadow_type":"yes","_box_shadow_box_shadow":{"horizontal":0,"vertical":20,"blur":40,"spread":0,"color":"rgba(0, 0, 0, 0.099)"}},"elements":[],"isInner":false,"widgetType":"html","elType":"widget"},{"id":"320164be","settings":{"space":{"unit":"px","size":100,"sizes":[]}},"elements":[],"isInner":false,"widgetType":"spacer","elType":"widget"}],"isInner":true,"elType":"column"}],"isInner":true,"elType":"section"},{"id":"23a864b6","settings":[],"elements":[],"isInner":false,"widgetType":"houzez_elementor_space","elType":"widget"}],"isInner":false,"elType":"column"}],"isInner":false,"elType":"section"},{"id":"6c0f0d9","settings":{"background_color":"#FBFBFB","_element_id":"video","animation":"fadeIn","custom_height":{"unit":"vh","size":100,"sizes":[]}},"elements":[{"id":"54efc9e4","settings":{"_column_size":100,"_inline_size":null},"elements":[{"id":"64b61c9a","settings":{"content_width":{"unit":"px","size":900,"sizes":[]}},"elements":[{"id":"4915556d","settings":{"_column_size":100,"_inline_size":null},"elements":[{"id":"795dd504","settings":{"space":{"unit":"px","size":100,"sizes":[]}},"elements":[],"isInner":false,"widgetType":"spacer","elType":"widget"},{"id":"6af6ae44","settings":{"hz_section_title":"Video","houzez_section_title_color":"#000000","section_title_typography_typography":"custom","section_title_typography_font_family":"Playfair Display SC","section_title_typography_text_transform":"capitalize","section_title_typography_font_size":{"unit":"px","size":40,"sizes":[]},"section_subtitle_typography_typography":"custom","section_subtitle_typography_font_family":"Playfair Display SC","houzez_section_subtitle_color":"#000000","section_subtitle_typography_font_size":{"unit":"px","size":20,"sizes":[]},"_background_background":"classic","homey_main_title_spacing":{"unit":"px","size":10,"sizes":[]},"houzez_section_title_margin_bottom":{"unit":"px","size":0,"sizes":[]},"hz_section_subtitle":"Lorem ipsum dolor sit amet, conse tetur elit","homey_subtitle_spacing":{"unit":"px","size":0,"sizes":[]},"section_title_typography_font_size_mobile":{"unit":"px","size":28,"sizes":[]},"section_subtitle_typography_font_size_mobile":{"unit":"px","size":16,"sizes":[]},"homey_main_title_spacing_mobile":{"unit":"px","size":8,"sizes":[]},"homey_subtitle_spacing_mobile":{"unit":"px","size":5,"sizes":[]},"houzez_section_title_margin_bottom_mobile":{"unit":"px","size":8,"sizes":[]}},"elements":[],"isInner":false,"widgetType":"houzez_elementor_section_title","elType":"widget"},{"id":"3bf257dd","settings":{"height_mobile":{"unit":"px","size":0,"sizes":[]},"height":{"unit":"px","size":20,"sizes":[]}},"elements":[],"isInner":false,"widgetType":"houzez_elementor_space","elType":"widget"},{"id":"a6b60b9","settings":{"youtube_url":"https:\/\/www.youtube.com\/watch?v=XHOmBV4js_E","vimeo_url":"https:\/\/vimeo.com\/235215203","dailymotion_url":"https:\/\/www.dailymotion.com\/video\/x6tqhqb","show_image_overlay":"yes","image_overlay":{"url":"https:\/\/demo08.houzez.co\/wp-content\/uploads\/2020\/03\/02.jpg","id":297},"_box_shadow_box_shadow_type":"yes","_box_shadow_box_shadow":{"horizontal":0,"vertical":20,"blur":40,"spread":0,"color":"rgba(0, 0, 0, 0.1)"}},"elements":[],"isInner":false,"widgetType":"video","elType":"widget"},{"id":"1c430942","settings":{"space":{"unit":"px","size":100,"sizes":[]}},"elements":[],"isInner":false,"widgetType":"spacer","elType":"widget"}],"isInner":true,"elType":"column"}],"isInner":true,"elType":"section"},{"id":"4fe11cdf","settings":[],"elements":[],"isInner":false,"widgetType":"houzez_elementor_space","elType":"widget"}],"isInner":false,"elType":"column"}],"isInner":false,"elType":"section"},{"id":"18a0c8bf","settings":{"background_background":"classic","background_color":"#F9F9F9","_element_id":"plans","animation":"fadeIn","custom_height":{"unit":"vh","size":100,"sizes":[]}},"elements":[{"id":"4c8d7605","settings":{"_column_size":100,"_inline_size":null},"elements":[{"id":"2a092d7e","settings":{"height":{"unit":"px","size":50,"sizes":[]}},"elements":[],"isInner":false,"widgetType":"houzez_elementor_space","elType":"widget"},{"id":"527b8a07","settings":{"content_width":{"unit":"px","size":900,"sizes":[]}},"elements":[{"id":"179ff571","settings":{"_column_size":100,"_inline_size":null},"elements":[{"id":"3e2838cd","settings":{"hz_section_title":"Floor Plans","houzez_section_title_color":"#000000","section_title_typography_typography":"custom","section_title_typography_font_family":"Playfair Display SC","section_title_typography_text_transform":"capitalize","section_title_typography_font_size":{"unit":"px","size":40,"sizes":[]},"section_subtitle_typography_typography":"custom","section_subtitle_typography_font_family":"Playfair Display SC","houzez_section_subtitle_color":"#000000","section_subtitle_typography_font_size":{"unit":"px","size":20,"sizes":[]},"_background_background":"classic","homey_main_title_spacing":{"unit":"px","size":10,"sizes":[]},"houzez_section_title_margin_bottom":{"unit":"px","size":0,"sizes":[]},"hz_section_subtitle":"Lorem ipsum dolor sit amet, conse tetur elit","homey_subtitle_spacing":{"unit":"px","size":0,"sizes":[]},"section_title_typography_font_size_mobile":{"unit":"px","size":28,"sizes":[]},"section_subtitle_typography_font_size_mobile":{"unit":"px","size":16,"sizes":[]},"homey_main_title_spacing_mobile":{"unit":"px","size":8,"sizes":[]},"homey_subtitle_spacing_mobile":{"unit":"px","size":5,"sizes":[]},"houzez_section_title_margin_bottom_mobile":{"unit":"px","size":8,"sizes":[]}},"elements":[],"isInner":false,"widgetType":"houzez_elementor_section_title","elType":"widget"},{"id":"3c45aa04","settings":{"height_mobile":{"unit":"px","size":0,"sizes":[]},"height":{"unit":"px","size":20,"sizes":[]}},"elements":[],"isInner":false,"widgetType":"houzez_elementor_space","elType":"widget"},{"id":"4b2261e7","settings":{"tabs":[{"tab_title":"First Floor","tab_content":"<p><img class=\"alignnone wp-image-376 size-full\" src=\"https:\/\/demo08.houzez.co\/wp-content\/uploads\/2020\/03\/plan-1.jpg\" alt=\"\" width=\"883\" height=\"576\" \/><\/p>","_id":"8863e05"},{"tab_title":"Second Floor","tab_content":"<p><img class=\"alignnone wp-image-378 size-full\" src=\"https:\/\/demo08.houzez.co\/wp-content\/uploads\/2020\/03\/plan-2.jpg\" alt=\"\" width=\"883\" height=\"576\" \/><\/p>","_id":"bd4e09c"}],"type":"vertical","border_color":"rgba(2, 1, 1, 0)","background_color":"#FFFFFF","tab_color":"#000000","tab_active_color":"rgba(112, 178, 70, 0.85)","tab_typography_typography":"custom","tab_typography_font_weight":"500"},"elements":[],"isInner":false,"widgetType":"tabs","elType":"widget"}],"isInner":true,"elType":"column"}],"isInner":true,"elType":"section"},{"id":"3764e1ab","settings":[],"elements":[],"isInner":false,"widgetType":"houzez_elementor_space","elType":"widget"}],"isInner":false,"elType":"column"}],"isInner":false,"elType":"section"},{"id":"730503f8","settings":{"background_color":"#FBFBFB","_element_id":"agents","animation":"fadeIn"},"elements":[{"id":"1692c6c5","settings":{"_column_size":100,"_inline_size":null},"elements":[{"id":"5b52d677","settings":[],"elements":[],"isInner":false,"widgetType":"houzez_elementor_space","elType":"widget"},{"id":"56c1fab6","settings":{"content_width":{"unit":"px","size":900,"sizes":[]},"content_position":"middle","structure":"40"},"elements":[{"id":"5122dba5","settings":{"_column_size":25,"_inline_size":null},"elements":[{"id":"367277a2","settings":{"image":{"url":"https:\/\/demo08.houzez.co\/wp-content\/uploads\/2020\/03\/Artboard-2team.jpg","id":382}},"elements":[],"isInner":false,"widgetType":"image","elType":"widget"}],"isInner":true,"elType":"column"},{"id":"6f212c50","settings":{"_column_size":25,"_inline_size":null},"elements":[{"id":"3d1fc792","settings":{"hz_section_title":"Brittany Watkins","houzez_section_title_color":"#000000","section_title_typography_typography":"custom","section_title_typography_font_family":"Playfair Display SC","section_title_typography_text_transform":"capitalize","section_title_typography_font_size":{"unit":"px","size":20,"sizes":[]},"section_subtitle_typography_typography":"custom","section_subtitle_typography_font_family":"Libre Franklin","houzez_section_subtitle_color":"#000000","section_subtitle_typography_font_size":{"unit":"px","size":15,"sizes":[]},"_background_background":"classic","homey_main_title_spacing":{"unit":"px","size":5,"sizes":[]},"houzez_section_title_margin_bottom":{"unit":"px","size":0,"sizes":[]},"hz_section_subtitle":"Broker","houzez_section_title_align":"left","homey_subtitle_spacing":{"unit":"px","size":0,"sizes":[]}},"elements":[],"isInner":false,"widgetType":"houzez_elementor_section_title","elType":"widget"},{"id":"328a448b","settings":{"social_icon_list":[{"social_icon":{"value":"fab fa-facebook","library":"fa-brands"},"_id":"9a82772","link":{"url":"","is_external":"true","nofollow":"","custom_attributes":""},"item_icon_color":"default","item_icon_primary_color":"","item_icon_secondary_color":""},{"social_icon":{"value":"fab fa-twitter","library":"fa-brands"},"_id":"145dd04","link":{"url":"","is_external":"true","nofollow":"","custom_attributes":""},"item_icon_color":"default","item_icon_primary_color":"","item_icon_secondary_color":""},{"social_icon":{"value":"fab fa-youtube","library":"fa-brands"},"_id":"aee5bc4","link":{"url":"","is_external":"true","nofollow":"","custom_attributes":""},"item_icon_color":"default","item_icon_primary_color":"","item_icon_secondary_color":""}],"shape":"square","align":"left","icon_color":"custom","icon_primary_color":"#000000","icon_secondary_color":"#FFFFFF","icon_size":{"unit":"px","size":13,"sizes":[]},"icon_spacing":{"unit":"px","size":4,"sizes":[]}},"elements":[],"isInner":false,"widgetType":"social-icons","elType":"widget"},{"id":"3c8ba87e","settings":{"icon_list":[{"text":"888-897-2736","selected_icon":{"value":"fas fa-mobile-alt","library":"fa-solid"},"_id":"6ba3b45","link":{"url":"","is_external":"","nofollow":"","custom_attributes":""}},{"text":"888-123-4567","selected_icon":{"value":"fab fa-whatsapp","library":"fa-brands"},"link":{"url":"","is_external":"","nofollow":"","custom_attributes":""},"_id":"471b020"}],"space_between":{"unit":"px","size":3,"sizes":[]}},"elements":[],"isInner":false,"widgetType":"icon-list","elType":"widget"}],"isInner":true,"elType":"column"},{"id":"57c6232d","settings":{"_column_size":25,"_inline_size":null},"elements":[{"id":"46ca0010","settings":{"image":{"url":"https:\/\/demo08.houzez.co\/wp-content\/uploads\/2016\/06\/Artboard-4team.jpg","id":84}},"elements":[],"isInner":false,"widgetType":"image","elType":"widget"}],"isInner":true,"elType":"column"},{"id":"c27660b","settings":{"_column_size":25,"_inline_size":null},"elements":[{"id":"12c99107","settings":{"hz_section_title":"Jerry Edwards","houzez_section_title_color":"#000000","section_title_typography_typography":"custom","section_title_typography_font_family":"Playfair Display SC","section_title_typography_text_transform":"capitalize","section_title_typography_font_size":{"unit":"px","size":20,"sizes":[]},"section_subtitle_typography_typography":"custom","section_subtitle_typography_font_family":"Libre Franklin","houzez_section_subtitle_color":"#000000","section_subtitle_typography_font_size":{"unit":"px","size":15,"sizes":[]},"_background_background":"classic","homey_main_title_spacing":{"unit":"px","size":5,"sizes":[]},"houzez_section_title_margin_bottom":{"unit":"px","size":0,"sizes":[]},"hz_section_subtitle":"Broker","houzez_section_title_align":"left","homey_subtitle_spacing":{"unit":"px","size":0,"sizes":[]}},"elements":[],"isInner":false,"widgetType":"houzez_elementor_section_title","elType":"widget"},{"id":"6bcb4c72","settings":{"social_icon_list":[{"social_icon":{"value":"fab fa-facebook","library":"fa-brands"},"_id":"9a82772","link":{"url":"","is_external":"true","nofollow":"","custom_attributes":""},"item_icon_color":"default","item_icon_primary_color":"","item_icon_secondary_color":""},{"social_icon":{"value":"fab fa-twitter","library":"fa-brands"},"_id":"145dd04","link":{"url":"","is_external":"true","nofollow":"","custom_attributes":""},"item_icon_color":"default","item_icon_primary_color":"","item_icon_secondary_color":""},{"social_icon":{"value":"fab fa-youtube","library":"fa-brands"},"_id":"aee5bc4","link":{"url":"","is_external":"true","nofollow":"","custom_attributes":""},"item_icon_color":"default","item_icon_primary_color":"","item_icon_secondary_color":""}],"shape":"square","align":"left","icon_color":"custom","icon_primary_color":"#000000","icon_secondary_color":"#FFFFFF","icon_size":{"unit":"px","size":13,"sizes":[]},"icon_spacing":{"unit":"px","size":4,"sizes":[]}},"elements":[],"isInner":false,"widgetType":"social-icons","elType":"widget"},{"id":"55a6d5ab","settings":{"icon_list":[{"text":"876-342-0928","selected_icon":{"value":"fas fa-mobile-alt","library":"fa-solid"},"_id":"6ba3b45","link":{"url":"","is_external":"","nofollow":"","custom_attributes":""}},{"text":"209-123-3094","selected_icon":{"value":"fab fa-whatsapp","library":"fa-brands"},"link":{"url":"","is_external":"","nofollow":"","custom_attributes":""},"_id":"471b020"}],"space_between":{"unit":"px","size":3,"sizes":[]}},"elements":[],"isInner":false,"widgetType":"icon-list","elType":"widget"}],"isInner":true,"elType":"column"}],"isInner":true,"elType":"section"},{"id":"11992d89","settings":{"height":{"unit":"px","size":70,"sizes":[]}},"elements":[],"isInner":false,"widgetType":"houzez_elementor_space","elType":"widget"}],"isInner":false,"elType":"column"}],"isInner":false,"elType":"section"},{"id":"3e4f7e3c","settings":{"background_color":"#FBFBFB","content_width":{"unit":"px","size":650,"sizes":[]},"background_background":"classic","background_image":{"url":"https:\/\/demo08.houzez.co\/wp-content\/uploads\/2020\/03\/05.jpg","id":358},"background_position":"center center","background_attachment":"fixed","background_size":"cover","background_overlay_background":"classic","background_overlay_color":"#000000","background_overlay_opacity":{"unit":"px","size":0.35,"sizes":[]},"_element_id":"info","animation":"fadeIn"},"elements":[{"id":"6dc685a7","settings":{"_column_size":100,"_inline_size":null},"elements":[{"id":"5aae82f6","settings":[],"elements":[],"isInner":false,"widgetType":"houzez_elementor_space","elType":"widget"},{"id":"209d438","settings":{"content_width":{"unit":"px","size":900,"sizes":[]},"content_position":"middle","background_background":"classic","background_color":"rgba(0, 0, 0, 0.76)","padding":{"unit":"px","top":"50","right":"50","bottom":"50","left":"50","isLinked":true},"padding_mobile":{"unit":"px","top":"20","right":"20","bottom":"20","left":"20","isLinked":true}},"elements":[{"id":"2f9e4cda","settings":{"_column_size":100,"_inline_size":null},"elements":[{"id":"7b48e35f","settings":{"hz_section_title":"Request Info","houzez_section_title_color":"#FFFFFF","section_title_typography_typography":"custom","section_title_typography_font_family":"Playfair Display SC","section_title_typography_text_transform":"capitalize","section_title_typography_font_size":{"unit":"px","size":40,"sizes":[]},"section_subtitle_typography_typography":"custom","section_subtitle_typography_font_family":"Playfair Display SC","houzez_section_subtitle_color":"#FFFFFF","section_subtitle_typography_font_size":{"unit":"px","size":20,"sizes":[]},"_background_background":"classic","homey_main_title_spacing":{"unit":"px","size":10,"sizes":[]},"houzez_section_title_margin_bottom":{"unit":"px","size":0,"sizes":[]},"hz_section_subtitle":"Lorem ipsum dolor sit amet, conse tetur elit","section_title_typography_font_size_mobile":{"unit":"px","size":30,"sizes":[]},"section_subtitle_typography_font_size_mobile":{"unit":"px","size":16,"sizes":[]}},"elements":[],"isInner":false,"widgetType":"houzez_elementor_section_title","elType":"widget"},{"id":"42e620d7","settings":{"form_name":"New Form","form_fields":[{"_id":"name","field_type":"name","field_label":"Name","placeholder":"Name","width":"100","required":"","field_options":"","width_tablet":"","width_mobile":"","rows":4},{"_id":"email","field_type":"email","required":"true","field_label":"Email","placeholder":"Email","width":"100","field_options":"","width_tablet":"","width_mobile":"","rows":4},{"field_type":"mobile","required":"true","field_label":"Phone","placeholder":"Phone","width":"100","field_options":"","width_tablet":"","width_mobile":"","rows":4,"_id":"14cb1d7"},{"field_type":"message","field_label":"Message","placeholder":"Message","required":"","field_options":"","width":"100","width_tablet":"","width_mobile":"","rows":4,"_id":"7c50702"}],"show_labels":"","button_text":"Submit","email_to":"hello@favethemes.com","email_subject":"New message from &quot;Houzez - Highly Customizable Real Estate WordPress Theme&quot;","button_background_color":"#70B246","button_text_color":"#FFFFFF","button_typography_typography":"custom","button_typography_font_family":"Playfair Display SC","button_typography_font_size":{"unit":"px","size":18,"sizes":[]},"button_border_width":{"unit":"px","top":"1","right":"1","bottom":"1","left":"1","isLinked":true},"button_border_color":"#7A7A7A","button_border_radius":{"unit":"px","top":"4","right":"4","bottom":"4","left":"4","isLinked":true},"button_text_padding":{"unit":"px","top":"12","right":"12","bottom":"12","left":"12","isLinked":true},"button_background_hover_color":"rgba(112, 178, 70, 0.85)","input_size":"lg","button_size":"lg"},"elements":[],"isInner":false,"widgetType":"houzez_elementor_contact_form","elType":"widget"}],"isInner":true,"elType":"column"}],"isInner":true,"elType":"section"},{"id":"6cef4e55","settings":[],"elements":[],"isInner":false,"widgetType":"houzez_elementor_space","elType":"widget"}],"isInner":false,"elType":"column"}],"isInner":false,"elType":"section"}]}