{"version":"0.4","title":"Default Demo &#8211; Listing page full width","type":"page","content":[{"id":"73a39ee3","settings":{"margin":{"unit":"px","top":"15","right":0,"bottom":"15","left":0,"isLinked":false}},"elements":[{"id":"4c83e0dc","settings":{"_column_size":100,"_inline_size":null},"elements":[{"id":"4326da8b","settings":[],"elements":[],"isInner":false,"widgetType":"houzez_elementor_page_title","elType":"widget"}],"isInner":false,"elType":"column"}],"isInner":false,"elType":"section"},{"id":"545b0a3d","settings":{"structure":"22","margin":{"unit":"px","top":"0","right":0,"bottom":"-21","left":0,"isLinked":false}},"elements":[{"id":"41ef62fb","settings":{"_column_size":33,"_inline_size":76.565},"elements":[],"isInner":false,"elType":"column"},{"id":"3b3b8733","settings":{"_column_size":66,"_inline_size":23.062},"elements":[{"id":"7ca0ca47","settings":{"sortby_title":"Sort By:","_margin":{"unit":"px","top":"0","right":"0","bottom":"12","left":"0","isLinked":false}},"elements":[],"isInner":false,"widgetType":"houzez_elementor_sort_by","elType":"widget"}],"isInner":false,"elType":"column"}],"isInner":false,"elType":"section"},{"id":"1da7ec9b","settings":[],"elements":[{"id":"7389c86b","settings":{"_column_size":100,"_inline_size":null},"elements":[{"id":"118f4970","settings":{"pagination_type":"number","hide_button":"none","hide_author_date":"none"},"elements":[],"isInner":false,"widgetType":"houzez_elementor_property-card-v1","elType":"widget"}],"isInner":false,"elType":"column"}],"isInner":false,"elType":"section"}]}