{"version":"0.4","title":"Default Demo &#8211; Listing page with sidebar","type":"page","content":[{"id":"4f19ef72","settings":{"margin":{"unit":"px","top":"25","right":0,"bottom":"40","left":0,"isLinked":false},"gap":"no"},"elements":[{"id":"17a55e58","settings":{"_column_size":100,"_inline_size":null},"elements":[{"id":"728a33aa","settings":[],"elements":[],"isInner":false,"widgetType":"houzez_elementor_page_title","elType":"widget"}],"isInner":false,"elType":"column"}],"isInner":false,"elType":"section"},{"id":"34c72852","settings":{"gap":"no","structure":"22"},"elements":[{"id":"1d507cc4","settings":{"_column_size":66,"_inline_size":67.679},"elements":[{"id":"4693412a","settings":{"gap":"no","structure":"20"},"elements":[{"id":"697a9fda","settings":{"_column_size":50,"_inline_size":67.678},"elements":[],"isInner":true,"elType":"column"},{"id":"590bd63e","settings":{"_column_size":50,"_inline_size":32.197},"elements":[{"id":"510469c3","settings":{"sortby_title":"Sort By:","_margin":{"unit":"px","top":"0","right":"0","bottom":"12","left":"0","isLinked":false}},"elements":[],"isInner":false,"widgetType":"houzez_elementor_sort_by","elType":"widget"}],"isInner":true,"elType":"column"}],"isInner":true,"elType":"section"},{"id":"4249fb35","settings":{"module_type":"grid_2_cols","posts_limit":8,"hide_button":"none","hide_author_date":"none","box_shadow_box_shadow_type":"yes","box_shadow_box_shadow":{"horizontal":0,"vertical":1,"blur":2,"spread":0,"color":"rgba(0, 0, 0, 0.1)"},"pagination_type":"number"},"elements":[],"isInner":false,"widgetType":"houzez_elementor_property-card-v1","elType":"widget"},{"id":"4d53d120","settings":[],"elements":[],"isInner":false,"widgetType":"spacer","elType":"widget"}],"isInner":false,"elType":"column"},{"id":"596b147d","settings":{"_column_size":33,"_inline_size":31.615},"elements":[{"id":"7d38c877","settings":{"sidebar":"property-listing","_margin":{"unit":"px","top":"0","right":"0","bottom":"0","left":"30","isLinked":false}},"elements":[],"isInner":false,"widgetType":"sidebar","elType":"widget"}],"isInner":false,"elType":"column"}],"isInner":false,"elType":"section"}]}