{"version":"0.4","title":"Default Demo Homepage","type":"page","content":[{"id":"33bdaa5c","settings":{"stretch_section":"section-stretched","height":"min-height","custom_height":{"unit":"px","size":530,"sizes":[]},"background_background":"slideshow","background_image":{"id":16530,"url":"https:\/\/default.houzez.co\/wp-content\/uploads\/2020\/03\/miami-beach.jpg"},"background_position":"center center","background_repeat":"no-repeat","background_size":"cover","background_overlay_background":"gradient","background_overlay_color":"rgba(0, 66, 116, 0.35)","background_overlay_opacity":{"unit":"px","size":1,"sizes":[]},"background_slideshow_gallery":[{"id":16530,"url":"https:\/\/default.houzez.co\/wp-content\/uploads\/2020\/03\/miami-beach.jpg"},{"id":264,"url":"https:\/\/default.houzez.co\/wp-content\/uploads\/2016\/03\/new-york.jpg"},{"id":261,"url":"https:\/\/default.houzez.co\/wp-content\/uploads\/2016\/03\/chicago.jpg"}],"background_overlay_color_b":"#004274","background_slideshow_ken_burns":"yes"},"elements":[{"id":"77127cd4","settings":{"_column_size":100,"_inline_size":null},"elements":[{"id":"4de7b1e7","settings":{"content_width":{"unit":"px","size":880,"sizes":[]}},"elements":[{"id":"69fe4245","settings":{"_column_size":100,"_inline_size":null},"elements":[{"id":"e621d6c","settings":{"space":{"unit":"px","size":75,"sizes":[]}},"elements":[],"isInner":false,"widgetType":"spacer","elType":"widget"},{"id":"70707978","settings":{"hz_section_title":"Welcome to Houzez 2.0","hz_section_subtitle":"Packed with 100+ new features and improvements, it is the biggest all-in-one solution for real estate companies and professionals","section_title_typography_typography":"custom","section_title_typography_font_size":{"unit":"px","size":45,"sizes":[]},"section_title_typography_font_weight":"300","section_subtitle_typography_typography":"custom","section_subtitle_typography_font_size":{"unit":"px","size":25,"sizes":[]},"section_subtitle_typography_line_height":{"unit":"em","size":1.5,"sizes":[]},"houzez_section_title_color":"#FFFFFF","houzez_section_subtitle_color":"#FFFFFF","_animation":"fadeIn","animation_duration":"slow","section_subtitle_typography_font_family":"Work Sans","section_subtitle_typography_font_weight":"100","section_title_typography_letter_spacing":{"unit":"px","size":-1,"sizes":[]},"homey_main_title_spacing":{"unit":"px","size":10,"sizes":[]}},"elements":[],"isInner":false,"widgetType":"houzez_elementor_section_title","elType":"widget"}],"isInner":true,"elType":"column"}],"isInner":true,"elType":"section"}],"isInner":false,"elType":"column"}],"isInner":false,"elType":"section"},{"id":"2674d3f2","settings":{"background_background":"classic","background_color":"#004274","shape_divider_bottom":"tilt","shape_divider_bottom_height":{"unit":"px","size":90,"sizes":[]},"shape_divider_bottom_flip":"yes","shape_divider_bottom_negative":"yes","shape_divider_bottom_width":{"unit":"%","size":242,"sizes":[]},"background_position":"center center","background_attachment":"fixed","background_repeat":"no-repeat","background_size":"cover"},"elements":[{"id":"5d2efb84","settings":{"_column_size":100,"_inline_size":null},"elements":[{"id":"21623741","settings":{"space":{"unit":"px","size":10,"sizes":[]}},"elements":[],"isInner":false,"widgetType":"spacer","elType":"widget"},{"id":"6a9962e","settings":[],"elements":[{"id":"120d4f34","settings":{"_column_size":100,"_inline_size":null},"elements":[{"id":"56e17c74","settings":{"icon_boxes":[{"icon_type":"custom_icon","icon":"fa fa-rocket","custom_icon":{"url":"","id":""},"title":"Easy to get started","text":"Get ready to launch your realty site in minutes without any previous experience\n\n","_id":"16ab693","read_more_text":"Learn more","read_more_link":{"url":"#"}},{"icon_type":"custom_icon","custom_icon":{"url":"","id":""},"title":"Highly customizable","text":"Customize the site to your expectations by using all of the theme features","_id":"476fd8e","read_more_text":"Learn more","read_more_link":{"url":"#"}},{"icon_type":"custom_icon","custom_icon":{"url":"","id":""},"title":"Drag-and-drop based","text":"design your page by simply dragging the features using Elementor page builder\n","_id":"6b76f0d","read_more_text":"Learn more","read_more_link":{"url":"#"}}],"border_radius":{"unit":"px","size":0,"sizes":[]},"background_a_color":"rgba(255, 255, 255, 0.1)","icon_padding":{"unit":"px","size":12,"sizes":[]},"title_spacing_a":{"unit":"px","size":0,"sizes":[]},"description_typography_a_typography":"custom","description_typography_a_font_size":{"unit":"px","size":17,"sizes":[]},"description_typography_a_line_height":{"unit":"em","size":1.5,"sizes":[]},"background_a_background":"gradient","background_a_color_b":"rgba(242, 41, 91, 0)","title_color_a":"#FFFFFF","title_typography_a_typography":"custom","title_typography_a_font_family":"Roboto","title_typography_a_font_size":{"unit":"px","size":18,"sizes":[]},"title_typography_a_font_weight":"300","description_color_a":"rgba(255, 255, 255, 0.78)"},"elements":[],"isInner":false,"widgetType":"houzez_elementor_icon_box","elType":"widget"}],"isInner":true,"elType":"column"}],"isInner":true,"elType":"section"},{"id":"32478f5c","settings":{"space":{"unit":"px","size":200,"sizes":[]}},"elements":[],"isInner":false,"widgetType":"spacer","elType":"widget"}],"isInner":false,"elType":"column"}],"isInner":false,"elType":"section"},{"id":"3d32d69c","settings":{"custom_height":{"unit":"px","size":760,"sizes":[]},"content_position":"middle","background_color":"#FFFFFF","background_position":"center center","background_repeat":"no-repeat","background_size":"cover","background_overlay_background":"classic","background_overlay_opacity":{"unit":"px","size":0.97,"sizes":[]},"css_filters_blur":{"unit":"px","size":5,"sizes":[]},"stretch_section":"section-stretched","layout":"full_width","gap":"wide","background_background":"classic"},"elements":[{"id":"47cf0cab","settings":{"_column_size":100,"_inline_size":null},"elements":[{"id":"7212a281","settings":{"space":{"unit":"px","size":10,"sizes":[]}},"elements":[],"isInner":false,"widgetType":"spacer","elType":"widget"},{"id":"252d7b37","settings":{"content_width":{"unit":"px","size":870,"sizes":[]}},"elements":[{"id":"70031ad0","settings":{"_column_size":100,"_inline_size":null},"elements":[{"id":"1225a917","settings":{"hz_section_title":"Display Latest & Featured Properties","section_title_typography_typography":"custom","section_title_typography_font_size":{"unit":"px","size":35,"sizes":[]},"section_title_typography_font_weight":"400","section_subtitle_typography_typography":"custom","_animation":"fadeIn","animation_duration":"slow","hz_section_subtitle":"With the features and filters provided with the Houzez widgets you can turn your visitors attention to the latest listings or the ones that are most profitable to buy at the moment.","houzez_section_title_color":"#000000","houzez_section_subtitle_color":"#7A7A7A","section_title_typography_letter_spacing":{"unit":"px","size":-1,"sizes":[]},"section_subtitle_typography_font_family":"Work Sans","section_subtitle_typography_font_size":{"unit":"px","size":18,"sizes":[]},"section_subtitle_typography_line_height":{"unit":"em","size":1.5,"sizes":[]},"homey_main_title_spacing":{"unit":"px","size":10,"sizes":[]}},"elements":[],"isInner":false,"widgetType":"houzez_elementor_section_title","elType":"widget"}],"isInner":true,"elType":"column"}],"isInner":true,"elType":"section"},{"id":"3c485284","settings":{"content_width":{"unit":"px","size":1280,"sizes":[]}},"elements":[{"id":"ccb6574","settings":{"_column_size":100,"_inline_size":null},"elements":[{"id":"515ddf16","settings":{"slides_to_show":"4","slide_auto":"true","auto_speed":"3000","property_type":["apartment","studio"],"featured_prop":"yes","hz_item_price_typography":"custom","hz_item_price_font_size":{"unit":"px","size":17,"sizes":[]},"np_border_color":"#00AEEF","np_bg_color_hover":"#00AEEF","np_color_hover":"#FFFFFF","np_border_color_hover":"#00AEEF"},"elements":[],"isInner":false,"widgetType":"houzez_elementor_properties_carousel_v1","elType":"widget"}],"isInner":true,"elType":"column"}],"isInner":true,"elType":"section"},{"id":"38bdae6f","settings":[],"elements":[],"isInner":false,"widgetType":"spacer","elType":"widget"}],"isInner":false,"elType":"column"}],"isInner":false,"elType":"section"},{"id":"63d7a1b1","settings":{"stretch_section":"section-stretched","content_width":{"unit":"px","size":960,"sizes":[]},"height":"min-height","custom_height":{"unit":"px","size":750,"sizes":[]},"background_background":"classic","background_image":{"id":16248,"url":"https:\/\/default.houzez.co\/wp-content\/uploads\/2020\/03\/205.jpg"},"background_position":"center center","background_attachment":"fixed","background_repeat":"no-repeat","background_size":"cover","background_overlay_background":"classic","background_overlay_color":"rgba(0, 66, 116, 0.45)","background_overlay_color_b":"#004274","background_overlay_opacity":{"unit":"px","size":1,"sizes":[]},"shape_divider_top":"tilt","shape_divider_top_width":{"unit":"%","size":255,"sizes":[]},"shape_divider_top_height":{"unit":"px","size":100,"sizes":[]},"shape_divider_top_flip":"yes","shape_divider_bottom":"tilt","shape_divider_bottom_width":{"unit":"%","size":225,"sizes":[]},"shape_divider_bottom_height":{"unit":"px","size":100,"sizes":[]},"shape_divider_bottom_flip":"yes"},"elements":[{"id":"1ac1f3ed","settings":{"_column_size":100,"_inline_size":null},"elements":[{"id":"28f49df8","settings":{"content_width":{"unit":"px","size":734,"sizes":[]},"animation_duration":"slow"},"elements":[{"id":"7196ca43","settings":{"_column_size":100,"_inline_size":null},"elements":[{"id":"3d9d67f2","settings":{"hz_section_title":"Houzez offers a wide range of drag-and-drop widgets to assist you in designing your pages\n","section_title_typography_typography":"custom","section_title_typography_font_size":{"unit":"px","size":30,"sizes":[]},"section_title_typography_font_weight":"100","section_subtitle_typography_typography":"custom","section_subtitle_typography_line_height":{"unit":"em","size":1.5,"sizes":[]},"houzez_section_title_color":"#FFFFFF","houzez_section_subtitle_color":"#FFFFFF","homey_main_title_spacing":{"unit":"px","size":10,"sizes":[]},"_animation":"fadeIn","animation_duration":"slow","section_title_typography_line_height":{"unit":"em","size":1.35,"sizes":[]},"section_subtitle_typography_font_family":"Work Sans","section_subtitle_typography_font_size":{"unit":"px","size":20,"sizes":[]},"section_subtitle_typography_font_weight":"100","houzez_section_title_margin_bottom":{"unit":"px","size":30,"sizes":[]}},"elements":[],"isInner":false,"widgetType":"houzez_elementor_section_title","elType":"widget"}],"isInner":true,"elType":"column"}],"isInner":true,"elType":"section"},{"id":"6ec586a4","settings":{"icon_boxes":[{"icon_type":"custom_icon","custom_icon":{"url":"https:\/\/default.houzez.co\/wp-content\/uploads\/2020\/03\/streamline-icon-real-estate-message-house-buy@40x40.png","id":16561},"title":"","text":"","read_more_text":"Looking to buy","read_more_link":{"url":"#"},"_id":"7fe8a29"},{"icon_type":"custom_icon","custom_icon":{"url":"https:\/\/default.houzez.co\/wp-content\/uploads\/2020\/03\/streamline-icon-real-estate-insurance-dollar-hand@40x40.png","id":16562},"title":"","text":"","read_more_text":"Sell your home","read_more_link":{"url":"#"},"_id":"0ce5984"},{"icon_type":"custom_icon","custom_icon":{"url":"https:\/\/default.houzez.co\/wp-content\/uploads\/2020\/03\/streamline-icon-real-estate-sign-board-rent@40x40.png","id":16563},"title":"","text":"","read_more_text":"Rent a place","read_more_link":{"url":"#"},"_id":"024847e"},{"icon_type":"custom_icon","custom_icon":{"url":"https:\/\/default.houzez.co\/wp-content\/uploads\/2020\/03\/streamline-icon-real-estate-action-house-information@40x40.png","id":16565},"title":"","text":"","read_more_text":"Need Help?","read_more_link":{"url":"#"},"_id":"f29a77f"}],"border_radius":{"unit":"px","size":0,"sizes":[]},"background_a_color":"rgba(0, 66, 116, 0.71)","icon_padding":{"unit":"px","size":0,"sizes":[]},"title_spacing_a":{"unit":"px","size":0,"sizes":[]},"icon_boxes_columns":"four_columns","padding_a":{"unit":"px","top":"30","right":"30","bottom":"30","left":"30","isLinked":true},"background_a_background":"classic","background_a_color_b":"rgba(242, 41, 91, 0)","background_a_repeat":"no-repeat","background_a_size":"cover","background_overlay_a":"#004274","readmore_text_color":"#FFFFFF","readmore_text_typography_typography":"custom","readmore_text_typography_font_size":{"unit":"px","size":16,"sizes":[]},"border_a_width":{"unit":"px","top":"15","right":"15","bottom":"15","left":"15","isLinked":true},"border_a_color":"#FFFFFF","readmore_text_typography_font_family":"Roboto Condensed","readmore_text_typography_font_weight":"300","readmore_text_typography_text_transform":"uppercase"},"elements":[],"isInner":false,"widgetType":"houzez_elementor_icon_box","elType":"widget"}],"isInner":false,"elType":"column"}],"isInner":false,"elType":"section"},{"id":"ea21265","settings":{"custom_height":{"unit":"px","size":760,"sizes":[]},"content_position":"middle","background_color":"#FFFFFF","background_position":"center center","background_repeat":"no-repeat","background_overlay_color":"#FFFFFF","background_overlay_opacity":{"unit":"px","size":0.75,"sizes":[]},"css_filters_blur":{"unit":"px","size":5,"sizes":[]},"stretch_section":"section-stretched","layout":"full_width","gap":"wider","background_background":"classic"},"elements":[{"id":"5ee3874e","settings":{"_column_size":100,"_inline_size":null},"elements":[{"id":"7185494b","settings":{"height":{"unit":"px","size":70,"sizes":[]}},"elements":[],"isInner":false,"widgetType":"houzez_elementor_space","elType":"widget"},{"id":"682d3e73","settings":{"gap":"extended","structure":"30","content_position":"top","content_width":{"unit":"px","size":920,"sizes":[]}},"elements":[{"id":"61f5c2c3","settings":{"_column_size":33,"_inline_size":null,"space_between_widgets":30,"content_position":"space-between"},"elements":[{"id":"51eb4ff4","settings":{"hz_section_title":"You Can Design Clean And Modern Grid Layouts","hz_section_subtitle":" Grids are the backbone of all layouts, infographics and presentations","section_title_typography_typography":"custom","section_title_typography_font_size":{"unit":"px","size":30,"sizes":[]},"section_title_typography_font_weight":"400","section_subtitle_typography_typography":"custom","houzez_section_title_align":"left","section_subtitle_typography_line_height":{"unit":"em","size":1.5,"sizes":[]},"houzez_section_title_color":"#000000","houzez_section_subtitle_color":"#7A7A7A","homey_main_title_spacing":{"unit":"px","size":10,"sizes":[]},"homey_subtitle_spacing":{"unit":"px","size":0,"sizes":[]},"_animation":"fadeIn","animation_duration":"slow","section_title_typography_line_height":{"unit":"em","size":1.3,"sizes":[]},"section_title_typography_letter_spacing":{"unit":"px","size":-1,"sizes":[]},"section_subtitle_typography_font_family":"Work Sans","section_subtitle_typography_font_size":{"unit":"px","size":18,"sizes":[]},"houzez_section_title_margin_bottom":{"unit":"px","size":0,"sizes":[]}},"elements":[],"isInner":false,"widgetType":"houzez_elementor_section_title","elType":"widget"},{"id":"7239bf1d","settings":{"grid_data":"dynamic","more_text":"More Details","tax_type":"studio","more_text_d":"More Details","grid_title_typography_typography":"custom","grid_subtitle_typography_typography":"custom","_animation":"fadeIn","animation_duration":"slow","grid_padding":{"unit":"px","size":30,"sizes":[]},"_box_shadow_box_shadow_type":"yes","_box_shadow_box_shadow":{"horizontal":0,"vertical":10,"blur":20,"spread":0,"color":"rgba(0, 0, 0, 0.1)"},"grid_image_size":"large","grid_item_margin":{"unit":"px","size":30,"sizes":[]},"grid_type":"grid-item-v3","image":{"id":"16262","url":"https:\/\/default.houzez.co\/wp-content\/uploads\/2020\/03\/placeholder.png"},"tax_custom_image":{"id":"16262","url":"https:\/\/default.houzez.co\/wp-content\/uploads\/2020\/03\/placeholder.png"}},"elements":[],"isInner":false,"widgetType":"Houzez_elementor_grid_builder","elType":"widget"}],"isInner":true,"elType":"column"},{"id":"6fa73c95","settings":{"_column_size":33,"_inline_size":null,"space_between_widgets":30},"elements":[{"id":"3be99239","settings":{"grid_data":"dynamic","more_text":"More Details","tax_type":"apartment","more_text_d":"More Details","grid_title_typography_typography":"custom","grid_subtitle_typography_typography":"custom","_animation":"fadeIn","animation_duration":"slow","grid_padding":{"unit":"px","size":30,"sizes":[]},"_box_shadow_box_shadow_type":"yes","_box_shadow_box_shadow":{"horizontal":0,"vertical":10,"blur":20,"spread":0,"color":"rgba(0, 0, 0, 0.1)"},"grid_image_size":"large","grid_item_margin":{"unit":"px","size":30,"sizes":[]},"grid_type":"grid-item-v2","image":{"id":"16262","url":"https:\/\/default.houzez.co\/wp-content\/uploads\/2020\/03\/placeholder.png"},"tax_custom_image":{"id":"16262","url":"https:\/\/default.houzez.co\/wp-content\/uploads\/2020\/03\/placeholder.png"}},"elements":[],"isInner":false,"widgetType":"Houzez_elementor_grid_builder","elType":"widget"},{"id":"40217104","settings":{"grid_data":"dynamic","more_text":"More Details","tax_type":"single-family-home","more_text_d":"More Details","grid_title_typography_typography":"custom","grid_subtitle_typography_typography":"custom","_animation":"fadeIn","animation_duration":"slow","grid_padding":{"unit":"px","size":30,"sizes":[]},"_box_shadow_box_shadow_type":"yes","_box_shadow_box_shadow":{"horizontal":0,"vertical":10,"blur":20,"spread":0,"color":"rgba(0, 0, 0, 0.1)"},"grid_image_size":"large","grid_item_margin":{"unit":"px","size":30,"sizes":[]},"image":{"id":"16262","url":"https:\/\/default.houzez.co\/wp-content\/uploads\/2020\/03\/placeholder.png"},"tax_custom_image":{"id":"16262","url":"https:\/\/default.houzez.co\/wp-content\/uploads\/2020\/03\/placeholder.png"}},"elements":[],"isInner":false,"widgetType":"Houzez_elementor_grid_builder","elType":"widget"},{"id":"59083f97","settings":{"grid_data":"dynamic","more_text":"More Details","tax_type":"shop","more_text_d":"More Details","grid_title_typography_typography":"custom","grid_subtitle_typography_typography":"custom","_animation":"fadeIn","animation_duration":"slow","grid_padding":{"unit":"px","size":30,"sizes":[]},"_box_shadow_box_shadow_type":"yes","_box_shadow_box_shadow":{"horizontal":0,"vertical":10,"blur":20,"spread":0,"color":"rgba(0, 0, 0, 0.1)"},"grid_type":"grid-item-v2","grid_image_size":"large","image":{"id":"16262","url":"https:\/\/default.houzez.co\/wp-content\/uploads\/2020\/03\/placeholder.png"},"tax_custom_image":{"id":"16262","url":"https:\/\/default.houzez.co\/wp-content\/uploads\/2020\/03\/placeholder.png"}},"elements":[],"isInner":false,"widgetType":"Houzez_elementor_grid_builder","elType":"widget"}],"isInner":true,"elType":"column"},{"id":"1b48bc9","settings":{"_column_size":33,"_inline_size":null},"elements":[{"id":"6183a845","settings":{"grid_data":"dynamic","more_text":"More Details","tax_type":"office","more_text_d":"More Details","grid_title_typography_typography":"custom","grid_subtitle_typography_typography":"custom","_animation":"fadeIn","animation_duration":"slow","grid_padding":{"unit":"px","size":30,"sizes":[]},"_box_shadow_box_shadow_type":"yes","_box_shadow_box_shadow":{"horizontal":0,"vertical":10,"blur":20,"spread":0,"color":"rgba(0, 0, 0, 0.1)"},"grid_type":"grid-item-v3","grid_image_size":"large","image":{"id":"16262","url":"https:\/\/default.houzez.co\/wp-content\/uploads\/2020\/03\/placeholder.png"},"tax_custom_image":{"id":"16262","url":"https:\/\/default.houzez.co\/wp-content\/uploads\/2020\/03\/placeholder.png"}},"elements":[],"isInner":false,"widgetType":"Houzez_elementor_grid_builder","elType":"widget"},{"id":"2fe9bc0b","settings":{"grid_data":"dynamic","more_text":"More Details","tax_type":"villa","more_text_d":"More Details","grid_title_typography_typography":"custom","grid_subtitle_typography_typography":"custom","_animation":"fadeIn","animation_duration":"slow","grid_padding":{"unit":"px","size":30,"sizes":[]},"_box_shadow_box_shadow_type":"yes","_box_shadow_box_shadow":{"horizontal":0,"vertical":10,"blur":20,"spread":0,"color":"rgba(0, 0, 0, 0.1)"},"grid_image_size":"large","grid_item_margin":{"unit":"px","size":30,"sizes":[]},"image":{"id":"16262","url":"https:\/\/default.houzez.co\/wp-content\/uploads\/2020\/03\/placeholder.png"},"tax_custom_image":{"id":"16262","url":"https:\/\/default.houzez.co\/wp-content\/uploads\/2020\/03\/placeholder.png"}},"elements":[],"isInner":false,"widgetType":"Houzez_elementor_grid_builder","elType":"widget"}],"isInner":true,"elType":"column"}],"isInner":true,"elType":"section"},{"id":"62314b68","settings":{"height":{"unit":"px","size":70,"sizes":[]}},"elements":[],"isInner":false,"widgetType":"houzez_elementor_space","elType":"widget"}],"isInner":false,"elType":"column"}],"isInner":false,"elType":"section"},{"id":"38c225dd","settings":{"custom_height":{"unit":"px","size":750,"sizes":[]},"background_repeat":"no-repeat","background_size":"cover","background_overlay_background":"classic","stretch_section":"section-stretched","background_background":"classic","background_image":{"id":16264,"url":"https:\/\/default.houzez.co\/wp-content\/uploads\/2020\/03\/007.jpg"},"background_overlay_color":"rgba(0, 66, 116, 0.45)","background_attachment":"fixed","height":"min-height","background_overlay_color_b":"#004274","background_overlay_opacity":{"unit":"px","size":1,"sizes":[]},"shape_divider_top":"tilt","shape_divider_top_width":{"unit":"%","size":255,"sizes":[]},"shape_divider_top_height":{"unit":"px","size":100,"sizes":[]},"shape_divider_top_flip":"yes","shape_divider_bottom":"tilt","shape_divider_bottom_width":{"unit":"%","size":225,"sizes":[]},"shape_divider_bottom_height":{"unit":"px","size":100,"sizes":[]},"shape_divider_bottom_flip":"yes"},"elements":[{"id":"72ec9241","settings":{"_column_size":100,"_inline_size":null},"elements":[{"id":"5443ede9","settings":{"height":{"unit":"px","size":100,"sizes":[]}},"elements":[],"isInner":false,"widgetType":"houzez_elementor_space","elType":"widget"},{"id":"7b24bdeb","settings":{"gap":"wider","structure":"30","layout":"full_width"},"elements":[{"id":"79716920","settings":{"_column_size":33,"_inline_size":40,"content_position":"center"},"elements":[{"id":"71093065","settings":{"hz_section_title":"Create Custom Capture Forms And Manage Leads With The Integrated Houzez CRM","hz_section_subtitle":"The Inquiry Form widget allows you to design unique forms to capture your leads. It connects with Houzez CRM and your email inbox to keep your work everything on track.","section_title_typography_typography":"custom","section_title_typography_font_size":{"unit":"px","size":35,"sizes":[]},"section_title_typography_font_weight":"400","section_subtitle_typography_typography":"custom","houzez_section_title_align":"left","section_subtitle_typography_line_height":{"unit":"em","size":1.5,"sizes":[]},"houzez_section_title_color":"#FFFFFF","houzez_section_subtitle_color":"rgba(255, 255, 255, 0.8)","homey_main_title_spacing":{"unit":"px","size":10,"sizes":[]},"_animation":"fadeIn","animation_duration":"slow","section_title_typography_letter_spacing":{"unit":"px","size":-1,"sizes":[]},"section_subtitle_typography_font_family":"Work Sans","section_subtitle_typography_font_size":{"unit":"px","size":18,"sizes":[]}},"elements":[],"isInner":false,"widgetType":"houzez_elementor_section_title","elType":"widget"},{"id":"7ea52d35","settings":{"width":{"unit":"%","size":20,"sizes":[]},"text":"Divider","color":"#FFFFFF"},"elements":[],"isInner":false,"widgetType":"divider","elType":"widget"}],"isInner":true,"elType":"column"},{"id":"42670f7b","settings":{"_column_size":33,"_inline_size":10},"elements":[],"isInner":true,"elType":"column"},{"id":"35b9bba4","settings":{"_column_size":33,"_inline_size":49.332,"content_position":"center","space_between_widgets":0,"background_background":"classic","background_color":"#FFFFFF","padding":{"unit":"px","top":"50","right":"50","bottom":"30","left":"50","isLinked":false}},"elements":[{"id":"b7092aa","settings":{"form_name":"New Form","form_fields":[{"field_type":"enquiry_type","field_label":"Inquiry Type","placeholder":"Select","required":"true","field_options":"","width":"100","width_tablet":"","width_mobile":"","rows":4,"_id":"ba6c34c"},{"field_type":"user_type","field_label":"Your Information","placeholder":"I'm a ","required":"true","field_options":"I'm a real estate agent|I am a real estate agent\nI'm a property owner|I am a property owner","width":"100","width_tablet":"","width_mobile":"","rows":4,"_id":"b7fe77d"},{"field_type":"first_name","field_label":"","placeholder":"First Name","required":"true","field_options":"","width":"50","width_tablet":"","width_mobile":"","rows":4,"_id":"cc6b92f"},{"field_type":"last_name","field_label":"","placeholder":"Last Name","required":"","field_options":"","width":"50","width_tablet":"","width_mobile":"","rows":4,"_id":"3cc124e"},{"field_type":"email","field_label":"","placeholder":"Email Address","required":"true","field_options":"","width":"100","width_tablet":"","width_mobile":"","rows":4,"_id":"932d82c"},{"field_type":"e_meta[property_type]","field_label":"Property Details","placeholder":"Select type","required":"true","field_options":"","width":"100","width_tablet":"","width_mobile":"","rows":4,"_id":"3180222"},{"field_type":"e_meta[price]","field_label":"","placeholder":"Max price","required":"true","field_options":"","width":"50","width_tablet":"","width_mobile":"","rows":4,"_id":"c549d17"},{"field_type":"e_meta[area-size]","field_label":"","placeholder":"Minimum size (Sq Ft)","required":"true","field_options":"","width":"50","width_tablet":"","width_mobile":"","rows":4,"_id":"e08cbcb"},{"field_type":"e_meta[beds]","field_label":"","placeholder":"Number of beds","required":"true","field_options":"","width":"50","width_tablet":"","width_mobile":"","rows":4,"_id":"66cc0de"},{"field_type":"e_meta[baths]","field_label":"","placeholder":"Number of baths","required":"true","field_options":"","width":"50","width_tablet":"","width_mobile":"","rows":4,"_id":"dea086f"}],"input_size":"md","button_text":"Submit","button_size":"md","email_to":"hello@favethemes.com","email_subject":"New message from &quot;Houzez 01&quot;","field_border_width":{"unit":"px","top":"2","right":"2","bottom":"2","left":"2","isLinked":true}},"elements":[],"isInner":false,"widgetType":"houzez_elementor_inquiry_form","elType":"widget"}],"isInner":true,"elType":"column"}],"isInner":true,"elType":"section"},{"id":"533f9f55","settings":{"height":{"unit":"px","size":160,"sizes":[]}},"elements":[],"isInner":false,"widgetType":"houzez_elementor_space","elType":"widget"}],"isInner":false,"elType":"column"}],"isInner":false,"elType":"section"},{"id":"6d6d3fb3","settings":{"custom_height":{"unit":"px","size":760,"sizes":[]},"content_position":"middle","background_color":"#FFFFFF","background_position":"center right","background_repeat":"no-repeat","background_size":"auto","background_overlay_background":"classic","background_overlay_opacity":{"unit":"px","size":0.2,"sizes":[]},"css_filters_blur":{"unit":"px","size":2,"sizes":[]},"layout":"full_width","gap":"wide","css_filters_css_filter":"custom","background_background":"classic","background_image":{"id":"16451","url":"https:\/\/default.houzez.co\/wp-content\/uploads\/2020\/03\/bg-marker-right.jpg"}},"elements":[{"id":"7b02b890","settings":{"_column_size":100,"_inline_size":null},"elements":[{"id":"44d66998","settings":{"height":{"unit":"px","size":50,"sizes":[]}},"elements":[],"isInner":false,"widgetType":"houzez_elementor_space","elType":"widget"},{"id":"5f985d86","settings":{"content_width":{"unit":"px","size":870,"sizes":[]}},"elements":[{"id":"2787ac82","settings":{"_column_size":100,"_inline_size":null},"elements":[{"id":"1be13039","settings":{"hz_section_title":"Display Different Content Types","section_title_typography_typography":"custom","section_title_typography_font_size":{"unit":"px","size":35,"sizes":[]},"section_title_typography_font_weight":"400","section_subtitle_typography_typography":"custom","_animation":"fadeIn","animation_duration":"slow","hz_section_subtitle":"The Houzez Grids widgets allow you to display property cities, types, status, etc within different grid style variations, colors and typography options ","houzez_section_title_color":"#000000","houzez_section_subtitle_color":"#7A7A7A","section_title_typography_letter_spacing":{"unit":"px","size":-1,"sizes":[]},"section_subtitle_typography_font_family":"Work Sans","section_subtitle_typography_font_size":{"unit":"px","size":18,"sizes":[]},"section_subtitle_typography_line_height":{"unit":"em","size":1.5,"sizes":[]},"homey_main_title_spacing":{"unit":"px","size":10,"sizes":[]}},"elements":[],"isInner":false,"widgetType":"houzez_elementor_section_title","elType":"widget"}],"isInner":true,"elType":"column"}],"isInner":true,"elType":"section"},{"id":"3183ad7a","settings":[],"elements":[{"id":"190cf5cd","settings":{"_column_size":100,"_inline_size":null},"elements":[{"id":"7fb8d1ea","settings":{"houzez_grid_type":"grid_v4","orderby":"count","order":"DESC","grid_title_typography_typography":"custom","grid_title_typography_font_family":"Roboto Condensed","grid_title_typography_font_size":{"unit":"px","size":20,"sizes":[]},"grid_title_typography_font_weight":"400","grid_title_typography_text_transform":"uppercase","grid_subtitle_typography_typography":"custom","grid_subtitle_typography_font_family":"Work Sans","grid_subtitle_typography_font_size":{"unit":"px","size":12,"sizes":[]},"grid_subtitle_typography_font_weight":"400","grid_subtitle_color":"rgba(255, 255, 255, 0.78)"},"elements":[],"isInner":false,"widgetType":"houzez_elementor_grids","elType":"widget"}],"isInner":true,"elType":"column"}],"isInner":true,"elType":"section"},{"id":"71f29108","settings":{"height":{"unit":"px","size":70,"sizes":[]}},"elements":[],"isInner":false,"widgetType":"houzez_elementor_space","elType":"widget"}],"isInner":false,"elType":"column"}],"isInner":false,"elType":"section"},{"id":"6625ff9b","settings":{"custom_height":{"unit":"px","size":760,"sizes":[]},"content_position":"middle","background_color":"#FFFFFF","background_position":"center center","background_repeat":"no-repeat","background_size":"cover","background_overlay_background":"classic","background_overlay_opacity":{"unit":"px","size":0.2,"sizes":[]},"css_filters_blur":{"unit":"px","size":2,"sizes":[]},"stretch_section":"section-stretched","layout":"full_width","gap":"wide","css_filters_css_filter":"custom"},"elements":[{"id":"7bc4e8c5","settings":{"_column_size":100,"_inline_size":null},"elements":[{"id":"3214020c","settings":[],"elements":[],"isInner":false,"widgetType":"houzez_elementor_space","elType":"widget"},{"id":"3f4b433","settings":{"gap":"extended"},"elements":[{"id":"1397aa52","settings":{"_column_size":100,"_inline_size":null,"content_position":"bottom"},"elements":[{"id":"540af827","settings":{"hz_section_title":"Meet Our Agents","section_title_typography_typography":"custom","section_title_typography_font_size":{"unit":"px","size":35,"sizes":[]},"section_title_typography_font_weight":"400","section_subtitle_typography_typography":"custom","_animation":"fadeIn","animation_duration":"slow","hz_section_subtitle":"Lorem ipsum dolor sit amet, consectetur adipisicing elit","houzez_section_title_color":"#000000","houzez_section_subtitle_color":"#7A7A7A","section_title_typography_letter_spacing":{"unit":"px","size":-1,"sizes":[]},"section_subtitle_typography_font_family":"Work Sans","section_subtitle_typography_font_size":{"unit":"px","size":18,"sizes":[]},"section_subtitle_typography_line_height":{"unit":"em","size":1.5,"sizes":[]},"homey_main_title_spacing":{"unit":"px","size":10,"sizes":[]}},"elements":[],"isInner":false,"widgetType":"houzez_elementor_section_title","elType":"widget"},{"id":"5d147c48","settings":{"columns":"4","posts_limit":"9"},"elements":[],"isInner":false,"widgetType":"houzez_elementor_agents","elType":"widget"}],"isInner":true,"elType":"column"}],"isInner":true,"elType":"section"},{"id":"5ec90811","settings":{"height":{"unit":"px","size":100,"sizes":[]}},"elements":[],"isInner":false,"widgetType":"houzez_elementor_space","elType":"widget"}],"isInner":false,"elType":"column"}],"isInner":false,"elType":"section"},{"id":"147cbb0a","settings":{"custom_height":{"unit":"px","size":760,"sizes":[]},"content_position":"middle","background_color":"#FFFFFF","background_position":"center center","background_repeat":"no-repeat","background_size":"cover","background_overlay_background":"classic","background_overlay_opacity":{"unit":"px","size":0.2,"sizes":[]},"css_filters_blur":{"unit":"px","size":2,"sizes":[]},"stretch_section":"section-stretched","layout":"full_width","gap":"wide","css_filters_css_filter":"custom","background_background":"classic"},"elements":[{"id":"711ccf40","settings":{"_column_size":100,"_inline_size":null},"elements":[{"id":"3dac8f5f","settings":[],"elements":[],"isInner":false,"widgetType":"houzez_elementor_space","elType":"widget"},{"id":"90c2860","settings":{"gap":"extended"},"elements":[{"id":"2eb5bfc4","settings":{"_column_size":100,"_inline_size":null,"content_position":"bottom"},"elements":[{"id":"a66fb2b","settings":{"hz_section_title":"Testimonials","section_title_typography_typography":"custom","section_title_typography_font_size":{"unit":"px","size":35,"sizes":[]},"section_title_typography_font_weight":"400","section_subtitle_typography_typography":"custom","_animation":"fadeIn","animation_duration":"slow","hz_section_subtitle":"Lorem ipsum dolor sit amet, consectetur adipisicing elit","houzez_section_title_color":"#000000","houzez_section_subtitle_color":"#7A7A7A","section_title_typography_letter_spacing":{"unit":"px","size":-1,"sizes":[]},"section_subtitle_typography_font_family":"Work Sans","section_subtitle_typography_font_size":{"unit":"px","size":18,"sizes":[]},"section_subtitle_typography_line_height":{"unit":"em","size":1.5,"sizes":[]},"homey_main_title_spacing":{"unit":"px","size":10,"sizes":[]}},"elements":[],"isInner":false,"widgetType":"houzez_elementor_section_title","elType":"widget"},{"id":"3a69ed84","settings":{"posts_limit":"3","houzez_testi_v2_text_color":"#000000","houzez_testi_v2_bg_color":"#EDF9FF","_animation":"fadeIn","animation_duration":"slow"},"elements":[],"isInner":false,"widgetType":"houzez_elementor_testimonials_v2","elType":"widget"}],"isInner":true,"elType":"column"}],"isInner":true,"elType":"section"},{"id":"33db56a4","settings":{"height":{"unit":"px","size":70,"sizes":[]}},"elements":[],"isInner":false,"widgetType":"houzez_elementor_space","elType":"widget"}],"isInner":false,"elType":"column"}],"isInner":false,"elType":"section"},{"id":"65985557","settings":{"background_background":"classic","background_color":"#FFFFFF","structure":"50","padding":{"unit":"px","top":"15","right":"0","bottom":"15","left":"0","isLinked":false},"border_border":"solid","border_width":{"unit":"px","top":"1","right":"0","bottom":"0","left":"0","isLinked":false},"border_color":"#ECECEC","hide_tablet":"hidden-tablet","hide_mobile":"hidden-phone"},"elements":[{"id":"6c418d2b","settings":{"_column_size":20,"_inline_size":null},"elements":[{"id":"69951248","settings":{"image":{"id":16531,"url":"https:\/\/default.houzez.co\/wp-content\/uploads\/2020\/03\/partner-01-e1582734705113.jpg"}},"elements":[],"isInner":false,"widgetType":"image","elType":"widget"}],"isInner":false,"elType":"column"},{"id":"5c81a489","settings":{"_column_size":20,"_inline_size":null},"elements":[{"id":"67bc5a60","settings":{"image":{"id":16532,"url":"https:\/\/default.houzez.co\/wp-content\/uploads\/2020\/03\/partner-02-e1582734691936.jpg"}},"elements":[],"isInner":false,"widgetType":"image","elType":"widget"}],"isInner":false,"elType":"column"},{"id":"2c92c3f8","settings":{"_column_size":20,"_inline_size":null},"elements":[{"id":"2503b308","settings":{"image":{"id":16533,"url":"https:\/\/default.houzez.co\/wp-content\/uploads\/2020\/03\/partner-04-e1582734649458.jpg"}},"elements":[],"isInner":false,"widgetType":"image","elType":"widget"}],"isInner":false,"elType":"column"},{"id":"4c8b5f8a","settings":{"_column_size":20,"_inline_size":null},"elements":[{"id":"7862d4c2","settings":{"image":{"id":16534,"url":"https:\/\/default.houzez.co\/wp-content\/uploads\/2020\/03\/partner-03-e1582734671602.jpg"}},"elements":[],"isInner":false,"widgetType":"image","elType":"widget"}],"isInner":false,"elType":"column"},{"id":"781ba6ad","settings":{"_column_size":20,"_inline_size":null},"elements":[{"id":"c2b217e","settings":{"image":{"id":16535,"url":"https:\/\/default.houzez.co\/wp-content\/uploads\/2020\/03\/partner-05-e1582734603812.jpg"}},"elements":[],"isInner":false,"widgetType":"image","elType":"widget"}],"isInner":false,"elType":"column"}],"isInner":false,"elType":"section"}]}