{"version":"0.4","title":"Default Demo &#8211; Contact us","type":"page","content":[{"id":"fef4980","settings":{"height":"min-height","custom_height":{"unit":"px","size":200,"sizes":[]},"background_background":"classic","background_image":{"id":16248,"url":"https:\/\/default.houzez.co\/wp-content\/uploads\/2020\/03\/205.jpg"},"background_position":"center center","background_attachment":"scroll","background_repeat":"no-repeat","background_size":"cover","background_overlay_background":"classic","background_overlay_color":"#004274","animation":"fadeIn","animation_duration":"slow"},"elements":[{"id":"26a86938","settings":{"_column_size":100,"_inline_size":null},"elements":[{"id":"4f602481","settings":{"title":"Contact us","header_size":"h1","title_color":"#FFFFFF","typography_typography":"custom","typography_font_size":{"unit":"px","size":30,"sizes":[]},"typography_font_weight":"300"},"elements":[],"isInner":false,"widgetType":"heading","elType":"widget"}],"isInner":false,"elType":"column"}],"isInner":false,"elType":"section"},{"id":"3e76be76","settings":[],"elements":[{"id":"621f4b0a","settings":{"_column_size":100,"_inline_size":null},"elements":[{"id":"4842ed3c","settings":[],"elements":[],"isInner":false,"widgetType":"houzez_elementor_space","elType":"widget"}],"isInner":false,"elType":"column"}],"isInner":false,"elType":"section"},{"id":"7a98c147","settings":{"content_position":"top","structure":"32","animation":"fadeIn","animation_duration":"slow"},"elements":[{"id":"4cd146a0","settings":{"_column_size":50,"_inline_size":67,"space_between_widgets":0,"background_background":"classic"},"elements":[{"id":"1e518306","settings":{"editor":"<p>Design your custom contact forms with this Houzez Elementor custom widget and connect your leads with the integrated Houzez CRM.<\/p>","typography_typography":"custom","typography_font_size":{"unit":"px","size":17,"sizes":[]},"typography_line_height":{"unit":"em","size":1.7,"sizes":[]},"_padding":{"unit":"px","top":"50","right":"50","bottom":"1","left":"50","isLinked":false},"_background_background":"classic","_background_color":"#FFFFFF"},"elements":[],"isInner":false,"widgetType":"text-editor","elType":"widget"},{"id":"8df5525","settings":{"form_name":"New Form","form_fields":[{"_id":"name","field_type":"first_name","field_label":"First Name","placeholder":"Enter your name","width":"50","required":"true","field_options":"","width_tablet":"","width_mobile":"","rows":4},{"field_type":"last_name","field_label":"Last Name","placeholder":"Enter your last name","width":"50","required":"true","field_options":"","width_tablet":"","width_mobile":"","rows":4,"_id":"bf18955"},{"_id":"email","field_type":"email","required":"true","field_label":"Email","placeholder":"Email","width":"100","field_options":"","width_tablet":"","width_mobile":"","rows":4},{"_id":"message","field_type":"message","field_label":"Message","placeholder":"Message","width":"100","required":"true","field_options":"","width_tablet":"","width_mobile":"","rows":4}],"button_text":"Submit","email_to":"hello@favethemes.com","email_subject":"New message from &quot;Houzez 01&quot;","_padding":{"unit":"px","top":"20","right":"50","bottom":"50","left":"50","isLinked":false},"_background_background":"classic","_background_color":"#FFFFFF","mark_required":"yes","column_gap":{"unit":"px","size":20,"sizes":[]},"label_typography_typography":"custom","label_typography_font_weight":"500"},"elements":[],"isInner":false,"widgetType":"houzez_elementor_contact_form","elType":"widget"}],"isInner":false,"elType":"column"},{"id":"12620af0","settings":{"_column_size":25,"_inline_size":3},"elements":[],"isInner":false,"elType":"column"},{"id":"746bfddb","settings":{"_column_size":25,"_inline_size":30,"content_position":"space-between","background_color":"#FFFFFF","space_between_widgets":25,"margin":{"unit":"px","top":"0","right":"0","bottom":"0","left":"0","isLinked":true}},"elements":[{"id":"e6d127a","settings":{"editor":"<p class=\"padding-top\"><strong>For inquiries<\/strong><strong>\u00a0contact:<\/strong><\/p><p><strong>Amy Miller<\/strong><br \/>Public Relations Manager<br \/>774 NE 84th St Miami, FL 33879<br \/>amy.miller@houzez.com<\/p><p><strong>Kyle Parker<\/strong><br \/>Public Relations Associated<br \/>774 NE 84th St Miami, FL 33879<br \/>kyle.parker@houzez.com<\/p>","_padding":{"unit":"px","top":"30","right":"30","bottom":"15","left":"30","isLinked":false},"_background_background":"classic","_background_color":"#FFFFFF"},"elements":[],"isInner":false,"widgetType":"text-editor","elType":"widget"},{"id":"1f14070b","settings":{"editor":"<p class=\"padding-top\"><strong>Corporate Headquarters<\/strong><br \/>1584\u00a0Biscayne\u00a0Boulevard<br \/>Miami FL, 33176<\/p>","_padding":{"unit":"px","top":"30","right":"30","bottom":"15","left":"30","isLinked":false},"_background_background":"classic","_background_color":"#FFFFFF"},"elements":[],"isInner":false,"widgetType":"text-editor","elType":"widget"},{"id":"2a2fc0ad","settings":{"social_icon_list":[{"social_icon":{"value":"fab fa-facebook","library":"fa-brands"},"_id":"4d4e750","link":{"url":"#","is_external":"true","nofollow":"","custom_attributes":""},"item_icon_color":"default","item_icon_primary_color":"","item_icon_secondary_color":""},{"social_icon":{"value":"fab fa-twitter","library":"fa-brands"},"_id":"a2d8d9c","link":{"url":"#","is_external":"true","nofollow":"","custom_attributes":""},"item_icon_color":"default","item_icon_primary_color":"","item_icon_secondary_color":""},{"social_icon":{"value":"fab fa-youtube","library":"fa-brands"},"_id":"4483b35","link":{"url":"#","is_external":"true","nofollow":"","custom_attributes":""},"item_icon_color":"default","item_icon_primary_color":"","item_icon_secondary_color":""},{"social_icon":{"value":"fab fa-linkedin","library":"fa-brands"},"link":{"url":"#","is_external":"true","nofollow":"","custom_attributes":""},"item_icon_color":"default","item_icon_primary_color":"","item_icon_secondary_color":"","_id":"4cd5d30"},{"social_icon":{"value":"fab fa-instagram","library":"fa-brands"},"link":{"url":"#","is_external":"true","nofollow":"","custom_attributes":""},"item_icon_color":"default","item_icon_primary_color":"","item_icon_secondary_color":"","_id":"9e48d2c"},{"social_icon":{"value":"fab fa-skype","library":"fa-brands"},"link":{"url":"#","is_external":"true","nofollow":"","custom_attributes":""},"item_icon_color":"default","item_icon_primary_color":"","item_icon_secondary_color":"","_id":"a996753"}],"align":"left","icon_primary_color":"#000000","icon_size":{"unit":"px","size":20,"sizes":[]},"icon_spacing":{"unit":"px","size":4,"sizes":[]},"hover_animation":"shrink","_margin":{"unit":"px","top":"0","right":"0","bottom":"0","left":"0","isLinked":true}},"elements":[],"isInner":false,"widgetType":"social-icons","elType":"widget"}],"isInner":false,"elType":"column"}],"isInner":false,"elType":"section"},{"id":"950425e","settings":{"animation":"fadeIn","animation_duration":"slow"},"elements":[{"id":"7e372454","settings":{"_column_size":100,"_inline_size":null,"space_between_widgets":0},"elements":[{"id":"509dfc1","settings":{"address":"1584 Biscayne Blvd, Miami, FL 33132","css_filters_css_filter":"custom","css_filters_contrast":{"unit":"px","size":113,"sizes":[]},"css_filters_saturate":{"unit":"px","size":0,"sizes":[]},"zoom":{"unit":"px","size":12,"sizes":[]}},"elements":[],"isInner":false,"widgetType":"google_maps","elType":"widget"},{"id":"574cd2bf","settings":{"editor":"<p style=\"text-align: left;\"><strong>Address<\/strong>: 1584 Biscayne Blvd, Miami, FL 33132 - <a href=\"#\">Get Directions<\/a><\/p>","typography_typography":"custom","typography_font_size":{"unit":"px","size":15,"sizes":[]},"typography_line_height":{"unit":"em","size":1.5,"sizes":[]},"_padding":{"unit":"px","top":"30","right":"30","bottom":"10","left":"30","isLinked":false},"_background_background":"classic","_background_color":"#FFFFFF"},"elements":[],"isInner":false,"widgetType":"text-editor","elType":"widget"}],"isInner":false,"elType":"column"}],"isInner":false,"elType":"section"},{"id":"5ac574e8","settings":[],"elements":[{"id":"5f85753b","settings":{"_column_size":100,"_inline_size":null},"elements":[{"id":"3d525e32","settings":[],"elements":[],"isInner":false,"widgetType":"spacer","elType":"widget"}],"isInner":false,"elType":"column"}],"isInner":false,"elType":"section"}]}