{"version":"0.4","title":"Default Demo &#8211; Listing page with property status tabs","type":"page","content":[{"id":"62ce53b2","settings":{"margin":{"unit":"px","top":"15","right":0,"bottom":"15","left":0,"isLinked":false}},"elements":[{"id":"5e24b005","settings":{"_column_size":100,"_inline_size":null},"elements":[{"id":"49d02b67","settings":[],"elements":[],"isInner":false,"widgetType":"houzez_elementor_page_title","elType":"widget"}],"isInner":false,"elType":"column"}],"isInner":false,"elType":"section"},{"id":"19c3481f","settings":{"structure":"22","margin":{"unit":"px","top":"0","right":0,"bottom":"-21","left":0,"isLinked":false}},"elements":[{"id":"13a4a4fd","settings":{"_column_size":33,"_inline_size":78.571},"elements":[{"id":"31f03b4c","settings":{"type_data":["commercial","shop"],"status_data":["for-rent","for-sale"],"_margin":{"unit":"px","top":"0","right":"0","bottom":"2","left":"0","isLinked":false}},"elements":[],"isInner":false,"widgetType":"houzez_elementor_listings_tabs","elType":"widget"}],"isInner":false,"elType":"column"},{"id":"36c9336b","settings":{"_column_size":66,"_inline_size":21.056},"elements":[{"id":"32ae8e8d","settings":{"sortby_title":"Sort By:"},"elements":[],"isInner":false,"widgetType":"houzez_elementor_sort_by","elType":"widget"}],"isInner":false,"elType":"column"}],"isInner":false,"elType":"section"},{"id":"26e7bc98","settings":[],"elements":[{"id":"4040a0f4","settings":{"_column_size":100,"_inline_size":null},"elements":[{"id":"5d4f9a19","settings":{"pagination_type":"number","hide_button":"none","hide_author_date":"none"},"elements":[],"isInner":false,"widgetType":"houzez_elementor_property-card-v1","elType":"widget"}],"isInner":false,"elType":"column"}],"isInner":false,"elType":"section"}]}