{"version":"0.4","title":"Default Demo &#8211; Listing page with city tabs","type":"page","content":[{"id":"1db44cc1","settings":{"margin":{"unit":"px","top":"15","right":0,"bottom":"15","left":0,"isLinked":false}},"elements":[{"id":"11a87157","settings":{"_column_size":100,"_inline_size":null},"elements":[{"id":"786fcb62","settings":[],"elements":[],"isInner":false,"widgetType":"houzez_elementor_page_title","elType":"widget"}],"isInner":false,"elType":"column"}],"isInner":false,"elType":"section"},{"id":"5514ac32","settings":{"structure":"22","margin":{"unit":"px","top":"0","right":0,"bottom":"-21","left":0,"isLinked":false}},"elements":[{"id":"73c9dc94","settings":{"_column_size":33,"_inline_size":78.571},"elements":[{"id":"7b4b5123","settings":{"type_data":["commercial","shop"],"status_data":["for-rent","for-sale"],"_margin":{"unit":"px","top":"0","right":"0","bottom":"2","left":"0","isLinked":false},"tabs_field":"property_city","city_data":["chicago","miami","new-york"]},"elements":[],"isInner":false,"widgetType":"houzez_elementor_listings_tabs","elType":"widget"}],"isInner":false,"elType":"column"},{"id":"64bbd186","settings":{"_column_size":66,"_inline_size":21.056},"elements":[{"id":"4cc584a6","settings":{"sortby_title":"Sort By:"},"elements":[],"isInner":false,"widgetType":"houzez_elementor_sort_by","elType":"widget"}],"isInner":false,"elType":"column"}],"isInner":false,"elType":"section"},{"id":"7ece8a59","settings":[],"elements":[{"id":"4c304c4f","settings":{"_column_size":100,"_inline_size":null},"elements":[{"id":"39a60cdc","settings":{"pagination_type":"number","hide_button":"none","hide_author_date":"none"},"elements":[],"isInner":false,"widgetType":"houzez_elementor_property-card-v1","elType":"widget"}],"isInner":false,"elType":"column"}],"isInner":false,"elType":"section"}]}