{"version":"0.4","title":"Demo 05 &#8211; Homepage","type":"page","content":[{"id":"65191f66","settings":{"height":"full","custom_height":{"unit":"px","size":680,"sizes":[]},"background_background":"classic","background_image":{"url":"https:\/\/demo05.houzez.co\/wp-content\/uploads\/2016\/02\/houzez-header-1.jpg","id":1592},"background_overlay_background":"classic","background_overlay_color":"#000000","background_overlay_opacity":{"unit":"px","size":0.35,"sizes":[]},"background_attachment":"fixed","background_repeat":"no-repeat","background_size":"cover"},"elements":[{"id":"f26d28f","settings":{"_column_size":100,"_inline_size":null,"space_between_widgets":0},"elements":[{"id":"48c4419e","settings":{"space":{"unit":"px","size":20,"sizes":[]},"space_mobile":{"unit":"px","size":90,"sizes":[]}},"elements":[],"isInner":false,"widgetType":"spacer","elType":"widget"},{"id":"43dfb730","settings":{"hz_section_title":"Discover your place to live","hz_section_subtitle":"Get started in few clicks","section_title_typography_typography":"custom","section_title_typography_font_family":"Playfair Display","section_title_typography_font_size":{"unit":"px","size":50,"sizes":[]},"section_title_typography_font_weight":"400","section_subtitle_typography_typography":"custom","section_subtitle_typography_font_family":"Dosis","section_subtitle_typography_font_size":{"unit":"px","size":20,"sizes":[]},"section_subtitle_typography_font_weight":"400","section_subtitle_typography_text_transform":"uppercase","section_subtitle_typography_letter_spacing":{"unit":"px","size":1,"sizes":[]},"houzez_section_title_color":"#FFFFFF","houzez_section_subtitle_color":"#FFFFFF","homey_main_title_spacing":{"unit":"px","size":20,"sizes":[]},"homey_subtitle_spacing":{"unit":"px","size":0,"sizes":[]},"houzez_section_title_margin_bottom":{"unit":"px","size":0,"sizes":[]},"_animation":"fadeIn","animation_duration":"slow","section_title_typography_font_size_mobile":{"unit":"px","size":36,"sizes":[]},"section_subtitle_typography_font_size_mobile":{"unit":"px","size":16,"sizes":[]}},"elements":[],"isInner":false,"widgetType":"houzez_elementor_section_title","elType":"widget"},{"id":"3d17c4f1","settings":{"height":{"unit":"px","size":30,"sizes":[]},"height_mobile":{"unit":"px","size":80,"sizes":[]}},"elements":[],"isInner":false,"widgetType":"houzez_elementor_space","elType":"widget"},{"id":"7d04924b","settings":{"content_width":{"unit":"px","size":800,"sizes":[]}},"elements":[{"id":"576b061b","settings":{"_column_size":100},"elements":[{"id":"7082800f","settings":{"form_fields":[{"_id":"field-cities","field_type":"location[]","field_label":"Cities","placeholder":"All Cities","width":"20","radius_from":"1","radius_to":"100","radius_default":"32","price_from_text":"From","price_to_text":"To","width_tablet":"","width_mobile":"","slider_width":{"unit":"px","size":50,"sizes":[]},"slider_width_tablet":{"unit":"px","size":"","sizes":[]},"slider_width_mobile":{"unit":"px","size":"","sizes":[]},"is_multiple":"","select_all_btns":"false","selected_count_text":"items selected","hidden_desktop":"","hidden_tablet":"","hidden_phone":"","data_live_search":""},{"field_type":"keyword","field_label":"Keyword","placeholder":"Enter keyword...","radius_from":"1","radius_to":"100","radius_default":"32","price_from_text":"From","price_to_text":"To","width":"60","width_tablet":"","width_mobile":"","slider_width":{"unit":"px","size":50,"sizes":[]},"slider_width_tablet":{"unit":"px","size":"","sizes":[]},"slider_width_mobile":{"unit":"px","size":"","sizes":[]},"is_multiple":"","select_all_btns":"false","selected_count_text":"items selected","hidden_desktop":"","hidden_tablet":"","hidden_phone":"","_id":"1ba3a4c","data_live_search":""},{"_id":"field-search-btn","field_type":"search-button","field_label":"Search Button","placeholder":"Search","width":"20","radius_from":"1","radius_to":"100","radius_default":"32","price_from_text":"From","price_to_text":"To","width_tablet":"","width_mobile":"","slider_width":{"unit":"px","size":50,"sizes":[]},"slider_width_tablet":{"unit":"px","size":"","sizes":[]},"slider_width_mobile":{"unit":"px","size":"","sizes":[]},"is_multiple":"","select_all_btns":"false","selected_count_text":"items selected","hidden_desktop":"","hidden_tablet":"","hidden_phone":"","data_live_search":""}],"input_size":"md","button_size":"md","show_tabs":"yes","status_data":["for-rent","for-sale"],"tabs_all_text":"All","form_background_color":"#FFFFFF","form_padding":{"unit":"px","top":"10","right":"5","bottom":"0","left":"5","isLinked":false},"form_radius":{"unit":"px","top":"4","right":"4","bottom":"4","left":"4","isLinked":true},"field_border_color":"#E9E9E9","tabs_padding":{"unit":"px","top":"10","right":"30","bottom":"10","left":"30","isLinked":false},"search_tabs_bg_color":"#77C720","button_background_color":"#77C720","button_background_hover_color":"rgba(119, 199, 32, 0.8)","_animation":"fadeIn","animation_duration":"slow"},"elements":[],"isInner":false,"widgetType":"houzez_elementor_search_builder","elType":"widget"}],"isInner":true,"elType":"column"}],"isInner":true,"elType":"section"}],"isInner":false,"elType":"column"}],"isInner":false,"elType":"section"},{"id":"28d89fcd","settings":{"content_width":{"unit":"px","size":600,"sizes":[]}},"elements":[{"id":"496cb87b","settings":{"_column_size":100},"elements":[{"id":"76289782","settings":[],"elements":[],"isInner":false,"widgetType":"houzez_elementor_space","elType":"widget"},{"id":"4a6c1a62","settings":{"hz_section_title":"Our Featured Exclusives\u200b","hz_section_subtitle":"Choose from different listing templates and lay them out\u0003as lists or grids, full-width or boxed  \u200b","section_title_typography_typography":"custom","section_title_typography_font_family":"Playfair Display","section_title_typography_font_size":{"unit":"px","size":40,"sizes":[]},"section_title_typography_font_weight":"400","section_subtitle_typography_typography":"custom","section_subtitle_typography_font_family":"Dosis","section_subtitle_typography_font_weight":"500","section_subtitle_typography_text_transform":"uppercase","section_subtitle_typography_line_height":{"unit":"em","size":1.5,"sizes":[]},"section_subtitle_typography_letter_spacing":{"unit":"px","size":1,"sizes":[]},"houzez_section_title_color":"#000000","houzez_section_subtitle_color":"#7A7A7A","homey_main_title_spacing":{"unit":"px","size":20,"sizes":[]},"homey_subtitle_spacing":{"unit":"px","size":0,"sizes":[]},"houzez_section_title_margin_bottom":{"unit":"px","size":0,"sizes":[]},"_animation":"fadeIn","animation_duration":"slow","section_title_typography_font_size_mobile":{"unit":"px","size":30,"sizes":[]},"section_subtitle_typography_font_size_mobile":{"unit":"px","size":13,"sizes":[]}},"elements":[],"isInner":false,"widgetType":"houzez_elementor_section_title","elType":"widget"},{"id":"6b76c231","settings":[],"elements":[],"isInner":false,"widgetType":"houzez_elementor_space","elType":"widget"}],"isInner":false,"elType":"column"}],"isInner":false,"elType":"section"},{"id":"2f8ab4e7","settings":{"background_color":"#FFFFFF"},"elements":[{"id":"23ef3219","settings":{"_column_size":100},"elements":[{"id":"3f8f8454","settings":{"posts_limit":"6","property_type":[],"property_city":[],"featured_prop":"yes","_animation":"fadeIn","animation_duration":"slow"},"elements":[],"isInner":false,"widgetType":"houzez_elementor_property-card-v5","elType":"widget"},{"id":"5ce2ec24","settings":{"height":{"unit":"px","size":30,"sizes":[]}},"elements":[],"isInner":false,"widgetType":"houzez_elementor_space","elType":"widget"}],"isInner":false,"elType":"column"}],"isInner":false,"elType":"section"},{"id":"40d35f14","settings":{"height":"min-height","custom_height":{"unit":"px","size":720,"sizes":[]},"background_background":"slideshow","background_image":{"url":"https:\/\/demo05.houzez.co\/wp-content\/uploads\/2016\/03\/los-angeles-01.jpg","id":397},"background_position":"center right","background_repeat":"no-repeat","background_size":"auto","background_overlay_background":"gradient","background_overlay_color":"rgba(255, 255, 255, 0.8)","background_overlay_color_stop":{"unit":"%","size":27,"sizes":[]},"background_overlay_color_b":"rgba(255, 255, 255, 0.01)","background_overlay_color_b_stop":{"unit":"%","size":27,"sizes":[]},"background_overlay_gradient_angle":{"unit":"deg","size":90,"sizes":[]},"background_overlay_opacity":{"unit":"px","size":1,"sizes":[]},"background_slideshow_gallery":[{"id":1592,"url":"https:\/\/demo05.houzez.co\/wp-content\/uploads\/2016\/02\/houzez-header-1.jpg"},{"id":1608,"url":"https:\/\/demo05.houzez.co\/wp-content\/uploads\/2016\/02\/houzez-property-slider.jpg"},{"id":1604,"url":"https:\/\/demo05.houzez.co\/wp-content\/uploads\/2016\/06\/houzez-header-2.jpg"}],"background_slideshow_slide_duration":3000},"elements":[{"id":"5494b721","settings":{"_column_size":100,"_inline_size":null},"elements":[{"id":"37cf7dd7","settings":{"structure":"21"},"elements":[{"id":"70e01d1e","settings":{"_column_size":33,"_inline_size":34.821,"background_background":"classic","background_color":"#77C720","box_shadow_box_shadow_type":"yes","box_shadow_box_shadow":{"horizontal":0,"vertical":20,"blur":40,"spread":0,"color":"rgba(0, 0, 0, 0.1)"},"padding":{"unit":"px","top":"50","right":"50","bottom":"50","left":"50","isLinked":true},"animation":"fadeInLeft"},"elements":[{"id":"6417a1c4","settings":{"hz_section_title":"Discover Our finest Selection","hz_section_subtitle":"Choose from different listing templates and lay them out\u0003as lists or grids, full-width or boxed  \u200b","section_title_typography_typography":"custom","section_title_typography_font_family":"Playfair Display","section_title_typography_font_size":{"unit":"px","size":40,"sizes":[]},"section_title_typography_font_weight":"400","section_subtitle_typography_typography":"custom","section_subtitle_typography_font_family":"Dosis","section_subtitle_typography_font_weight":"500","section_subtitle_typography_text_transform":"uppercase","section_subtitle_typography_line_height":{"unit":"em","size":1.5,"sizes":[]},"section_subtitle_typography_letter_spacing":{"unit":"px","size":1,"sizes":[]},"houzez_section_title_color":"#FFFFFF","houzez_section_subtitle_color":"#FFFFFF","homey_main_title_spacing":{"unit":"px","size":20,"sizes":[]},"homey_subtitle_spacing":{"unit":"px","size":0,"sizes":[]},"houzez_section_title_margin_bottom":{"unit":"px","size":10,"sizes":[]},"houzez_section_title_align":"left"},"elements":[],"isInner":false,"widgetType":"houzez_elementor_section_title","elType":"widget"},{"id":"1de5dd6e","settings":{"text":"Discover","typography_typography":"custom","typography_font_family":"Dosis","typography_font_weight":"700","typography_letter_spacing":{"unit":"px","size":1,"sizes":[]},"background_color":"rgba(2, 1, 1, 0)","hover_color":"#77C720","button_background_hover_color":"#FFFFFF","button_hover_border_color":"#FFFFFF","border_border":"solid","border_width":{"unit":"px","top":"1","right":"1","bottom":"1","left":"1","isLinked":true},"border_color":"#FFFFFF"},"elements":[],"isInner":false,"widgetType":"button","elType":"widget"}],"isInner":true,"elType":"column"},{"id":"55ca75b6","settings":{"_column_size":66,"_inline_size":64.805},"elements":[],"isInner":true,"elType":"column"}],"isInner":true,"elType":"section"}],"isInner":false,"elType":"column"}],"isInner":false,"elType":"section"},{"id":"57468803","settings":{"animation":"fadeIn","content_width":{"unit":"px","size":560,"sizes":[]},"background_background":"classic","background_color":"#FFFFFF"},"elements":[{"id":"325dd501","settings":{"_column_size":100},"elements":[{"id":"77014874","settings":[],"elements":[],"isInner":false,"widgetType":"houzez_elementor_space","elType":"widget"},{"id":"571eb023","settings":{"hz_section_title":"Explore The Neightborhood\u200b","hz_section_subtitle":"THERE ARE DIFFERENT PROPERTY OPTIONS TO CHOOSE FROM, EACH SERVING A PURPOSE TO HELP YOU BUILD A FINISHED SITE.\u200b","section_title_typography_typography":"custom","section_title_typography_font_family":"Playfair Display","section_title_typography_font_size":{"unit":"px","size":40,"sizes":[]},"section_title_typography_font_weight":"400","section_subtitle_typography_typography":"custom","section_subtitle_typography_font_family":"Dosis","section_subtitle_typography_font_weight":"500","section_subtitle_typography_text_transform":"uppercase","section_subtitle_typography_line_height":{"unit":"em","size":1.5,"sizes":[]},"section_subtitle_typography_letter_spacing":{"unit":"px","size":1,"sizes":[]},"houzez_section_title_color":"#000000","houzez_section_subtitle_color":"#7A7A7A","homey_main_title_spacing":{"unit":"px","size":20,"sizes":[]},"homey_subtitle_spacing":{"unit":"px","size":0,"sizes":[]},"houzez_section_title_margin_bottom":{"unit":"px","size":0,"sizes":[]},"_animation":"fadeIn","animation_duration":"slow","section_title_typography_font_size_mobile":{"unit":"px","size":30,"sizes":[]},"section_subtitle_typography_font_size_mobile":{"unit":"px","size":13,"sizes":[]}},"elements":[],"isInner":false,"widgetType":"houzez_elementor_section_title","elType":"widget"},{"id":"17d3ad49","settings":{"height":{"unit":"px","size":30,"sizes":[]}},"elements":[],"isInner":false,"widgetType":"houzez_elementor_space","elType":"widget"}],"isInner":false,"elType":"column"}],"isInner":false,"elType":"section"},{"id":"476b5b72","settings":{"background_background":"classic","background_color":"#FFFFFF"},"elements":[{"id":"38288d33","settings":{"_column_size":100,"_inline_size":null},"elements":[{"id":"7dfea2f6","settings":{"content_width":{"unit":"px","size":960,"sizes":[]},"gap":"extended","structure":"30"},"elements":[{"id":"200ac9a2","settings":{"_column_size":33,"_inline_size":null},"elements":[{"id":"4c4dee4f","settings":{"grid_data":"dynamic","more_text":"More Details","grid_taxonomy":"property_city","tax_type":"villa","tax_city":"new-york","more_text_d":"","grid_type":"grid-item-v2","grid_title_typography_typography":"custom","grid_title_typography_font_family":"Dosis","grid_title_typography_font_weight":"600","grid_subtitle_typography_typography":"custom","grid_subtitle_typography_font_family":"Dosis","grid_subtitle_typography_font_weight":"600","_animation":"fadeIn","animation_duration":"slow","_box_shadow_box_shadow_type":"yes","_box_shadow_box_shadow":{"horizontal":0,"vertical":10,"blur":20,"spread":0,"color":"rgba(0, 0, 0, 0.2)"}},"elements":[],"isInner":false,"widgetType":"Houzez_elementor_grid_builder","elType":"widget"},{"id":"4db9b437","settings":{"grid_data":"dynamic","more_text":"More Details","tax_type":"single-family-home","tax_city":"chicago","more_text_d":"","grid_type":"grid-item-v3","grid_title_typography_typography":"custom","grid_title_typography_font_family":"Dosis","grid_title_typography_font_weight":"600","grid_subtitle_typography_typography":"custom","grid_subtitle_typography_font_family":"Dosis","grid_subtitle_typography_font_weight":"600","_animation":"fadeIn","animation_duration":"slow","_box_shadow_box_shadow_type":"yes","_box_shadow_box_shadow":{"horizontal":0,"vertical":10,"blur":20,"spread":0,"color":"rgba(0, 0, 0, 0.2)"}},"elements":[],"isInner":false,"widgetType":"Houzez_elementor_grid_builder","elType":"widget"}],"isInner":true,"elType":"column"},{"id":"108d49b1","settings":{"_column_size":33,"_inline_size":null},"elements":[{"id":"102da57f","settings":{"grid_data":"dynamic","more_text":"More Details","tax_type":"apartment","tax_city":"los-angeles","more_text_d":"","grid_type":"grid-item-v3","grid_title_typography_typography":"custom","grid_title_typography_font_family":"Dosis","grid_title_typography_font_weight":"600","grid_subtitle_typography_typography":"custom","grid_subtitle_typography_font_family":"Dosis","grid_subtitle_typography_font_weight":"600","_animation":"fadeIn","animation_duration":"slow","_box_shadow_box_shadow_type":"yes","_box_shadow_box_shadow":{"horizontal":0,"vertical":10,"blur":20,"spread":0,"color":"rgba(0, 0, 0, 0.2)"}},"elements":[],"isInner":false,"widgetType":"Houzez_elementor_grid_builder","elType":"widget"},{"id":"ad17928","settings":{"grid_data":"dynamic","more_text":"More Details","tax_type":"villa","tax_city":"los-angeles","more_text_d":"","grid_type":"grid-item-v2","grid_title_typography_typography":"custom","grid_title_typography_font_family":"Dosis","grid_title_typography_font_weight":"600","grid_subtitle_typography_typography":"custom","grid_subtitle_typography_font_family":"Dosis","grid_subtitle_typography_font_weight":"600","_animation":"fadeIn","animation_duration":"slow","_box_shadow_box_shadow_type":"yes","_box_shadow_box_shadow":{"horizontal":0,"vertical":10,"blur":20,"spread":0,"color":"rgba(0, 0, 0, 0.2)"}},"elements":[],"isInner":false,"widgetType":"Houzez_elementor_grid_builder","elType":"widget"}],"isInner":true,"elType":"column"},{"id":"4cb1cb01","settings":{"_column_size":33,"_inline_size":null},"elements":[{"id":"6798ab9b","settings":{"grid_data":"dynamic","more_text":"More Details","grid_taxonomy":"property_city","tax_type":"villa","tax_city":"miami","more_text_d":"","grid_type":"grid-item-v2","grid_title_typography_typography":"custom","grid_title_typography_font_family":"Dosis","grid_title_typography_font_weight":"600","grid_subtitle_typography_typography":"custom","grid_subtitle_typography_font_family":"Dosis","grid_subtitle_typography_font_weight":"600","_animation":"fadeIn","animation_duration":"slow","_box_shadow_box_shadow_type":"yes","_box_shadow_box_shadow":{"horizontal":0,"vertical":10,"blur":20,"spread":0,"color":"rgba(0, 0, 0, 0.2)"}},"elements":[],"isInner":false,"widgetType":"Houzez_elementor_grid_builder","elType":"widget"},{"id":"7d60b74","settings":{"grid_data":"dynamic","more_text":"More Details","grid_taxonomy":"property_city","tax_type":"villa","tax_city":"los-angeles","more_text_d":"","grid_type":"grid-item-v2","grid_title_typography_typography":"custom","grid_title_typography_font_family":"Dosis","grid_title_typography_font_weight":"600","grid_subtitle_typography_typography":"custom","grid_subtitle_typography_font_family":"Dosis","grid_subtitle_typography_font_weight":"600","_animation":"fadeIn","animation_duration":"slow","_box_shadow_box_shadow_type":"yes","_box_shadow_box_shadow":{"horizontal":0,"vertical":10,"blur":20,"spread":0,"color":"rgba(0, 0, 0, 0.2)"}},"elements":[],"isInner":false,"widgetType":"Houzez_elementor_grid_builder","elType":"widget"},{"id":"1fb41c40","settings":{"grid_data":"dynamic","more_text":"More Details","grid_taxonomy":"property_city","tax_type":"villa","tax_city":"chicago","more_text_d":"","grid_type":"grid-item-v2","grid_title_typography_typography":"custom","grid_title_typography_font_family":"Dosis","grid_title_typography_font_weight":"600","grid_subtitle_typography_typography":"custom","grid_subtitle_typography_font_family":"Dosis","grid_subtitle_typography_font_weight":"600","_animation":"fadeIn","animation_duration":"slow","_box_shadow_box_shadow_type":"yes","_box_shadow_box_shadow":{"horizontal":0,"vertical":10,"blur":20,"spread":0,"color":"rgba(0, 0, 0, 0.2)"}},"elements":[],"isInner":false,"widgetType":"Houzez_elementor_grid_builder","elType":"widget"}],"isInner":true,"elType":"column"}],"isInner":true,"elType":"section"},{"id":"6a2036a2","settings":[],"elements":[],"isInner":false,"widgetType":"spacer","elType":"widget"}],"isInner":false,"elType":"column"}],"isInner":false,"elType":"section"},{"id":"865e95a","settings":{"animation":"fadeIn","structure":"20"},"elements":[{"id":"36e80889","settings":{"_column_size":50,"_inline_size":null},"elements":[{"id":"12f8d670","settings":[],"elements":[],"isInner":false,"widgetType":"houzez_elementor_space","elType":"widget"},{"id":"77b81187","settings":{"hz_section_title":"Meet Our Agents","hz_section_subtitle":"Choose from different listing templates and lay them out\u0003as lists or grids, full-width or boxed  \u200b","section_title_typography_typography":"custom","section_title_typography_font_family":"Playfair Display","section_title_typography_font_size":{"unit":"px","size":40,"sizes":[]},"section_title_typography_font_weight":"400","section_subtitle_typography_typography":"custom","section_subtitle_typography_font_family":"Dosis","section_subtitle_typography_font_weight":"500","section_subtitle_typography_text_transform":"uppercase","section_subtitle_typography_line_height":{"unit":"em","size":1.5,"sizes":[]},"section_subtitle_typography_letter_spacing":{"unit":"px","size":1,"sizes":[]},"houzez_section_title_color":"#000000","houzez_section_subtitle_color":"#7A7A7A","homey_main_title_spacing":{"unit":"px","size":20,"sizes":[]},"homey_subtitle_spacing":{"unit":"px","size":0,"sizes":[]},"houzez_section_title_margin_bottom":{"unit":"px","size":0,"sizes":[]},"_animation":"fadeIn","animation_duration":"slow","houzez_section_title_align":"left","section_title_typography_font_size_mobile":{"unit":"px","size":30,"sizes":[]},"section_subtitle_typography_font_size_mobile":{"unit":"px","size":13,"sizes":[]},"houzez_section_title_align_mobile":"center"},"elements":[],"isInner":false,"widgetType":"houzez_elementor_section_title","elType":"widget"},{"id":"244e4796","settings":{"height":{"unit":"px","size":20,"sizes":[]}},"elements":[],"isInner":false,"widgetType":"houzez_elementor_space","elType":"widget"}],"isInner":false,"elType":"column"},{"id":"2742c66f","settings":{"_column_size":50,"_inline_size":null},"elements":[],"isInner":false,"elType":"column"}],"isInner":false,"elType":"section"},{"id":"c9d63cf","settings":[],"elements":[{"id":"5e305f11","settings":{"_column_size":100,"_inline_size":null},"elements":[{"id":"54cde5f7","settings":{"posts_limit":"3"},"elements":[],"isInner":false,"widgetType":"houzez_elementor_agents","elType":"widget"},{"id":"1822e38d","settings":[],"elements":[],"isInner":false,"widgetType":"spacer","elType":"widget"}],"isInner":false,"elType":"column"}],"isInner":false,"elType":"section"},{"id":"32559bd","settings":{"background_background":"classic","background_color":"#FFFFFF"},"elements":[{"id":"1b1cd2d6","settings":{"_column_size":100,"_inline_size":null},"elements":[{"id":"6cb79aaf","settings":[],"elements":[],"isInner":false,"widgetType":"spacer","elType":"widget"},{"id":"36d76b6e","settings":{"gap":"wide"},"elements":[{"id":"43d64ad2","settings":{"_column_size":100,"_inline_size":null},"elements":[{"id":"1f03be25","settings":{"hz_section_title":"Our services","section_title_typography_typography":"custom","section_title_typography_font_family":"Playfair Display","section_title_typography_font_size":{"unit":"px","size":40,"sizes":[]},"section_title_typography_font_weight":"400","section_subtitle_typography_typography":"custom","section_subtitle_typography_font_family":"Dosis","section_subtitle_typography_font_weight":"500","section_subtitle_typography_text_transform":"uppercase","section_subtitle_typography_line_height":{"unit":"em","size":1.5,"sizes":[]},"section_subtitle_typography_letter_spacing":{"unit":"px","size":1,"sizes":[]},"houzez_section_title_color":"#000000","houzez_section_subtitle_color":"#7A7A7A","homey_main_title_spacing":{"unit":"px","size":60,"sizes":[]},"homey_subtitle_spacing":{"unit":"px","size":0,"sizes":[]},"houzez_section_title_margin_bottom":{"unit":"px","size":0,"sizes":[]},"_animation":"fadeIn","animation_duration":"slow","houzez_section_title_align":"left"},"elements":[],"isInner":false,"widgetType":"houzez_elementor_section_title","elType":"widget"},{"id":"39eac43","settings":{"icon_boxes":[{"icon_type":"custom_icon","custom_icon":{"url":"https:\/\/demo05.houzez.co\/wp-content\/uploads\/2019\/03\/people.png","id":3956},"title":"Property Management","text":"Lorem ipsum dolor sit amet, consectetuer adipiscing elit, sed diam nonummy      ","_id":"179c861"},{"icon_type":"custom_icon","custom_icon":{"url":"https:\/\/demo05.houzez.co\/wp-content\/uploads\/2019\/03\/donut-chart-1.png","id":3953},"title":"Capital Improvements","text":"Lorem ipsum dolor sit amet, consectetuer adipiscing elit, sed diam nonummy      ","_id":"81aea9b"},{"icon_type":"custom_icon","custom_icon":{"url":"https:\/\/demo05.houzez.co\/wp-content\/uploads\/2019\/03\/bar-chart-stats-up.png","id":3951},"title":"Financial Reporting","text":"Lorem ipsum dolor sit amet, consectetuer adipiscing elit, sed diam nonummy      ","_id":"a0b7b3e"},{"icon_type":"custom_icon","custom_icon":{"url":"https:\/\/demo05.houzez.co\/wp-content\/uploads\/2019\/03\/shacking-hands.png","id":3954},"title":"Business Development","text":"Lorem ipsum dolor sit amet, consectetuer adipiscing elit, sed diam nonummy      ","_id":"1f1b8ce"},{"icon_type":"custom_icon","custom_icon":{"url":"https:\/\/demo05.houzez.co\/wp-content\/uploads\/2019\/03\/bar-chart-board.png","id":3950},"title":"Finance Real Estate","text":"Lorem ipsum dolor sit amet, consectetuer adipiscing elit, sed diam nonummy      ","_id":"c75ccc1"},{"icon_type":"custom_icon","custom_icon":{"url":"https:\/\/demo05.houzez.co\/wp-content\/uploads\/2019\/03\/balance.png","id":3952},"title":"Recover Asset Value","text":"Lorem ipsum dolor sit amet, consectetuer adipiscing elit, sed diam nonummy      ","_id":"5ccdb68"}],"icon_boxes_style":"style3","icon_size":{"unit":"px","size":151,"sizes":[]},"title_spacing_a":{"unit":"px","size":0,"sizes":[]},"title_typography_a_typography":"custom","title_typography_a_font_family":"Playfair Display","title_typography_a_text_transform":"capitalize","description_typography_a_typography":"custom","description_typography_a_font_family":"Dosis","description_typography_a_font_size":{"unit":"px","size":18,"sizes":[]},"description_typography_a_text_transform":"none","description_typography_a_line_height":{"unit":"em","size":1.5,"sizes":[]},"description_color_a":"#7A7A7A","_animation":"fadeIn","animation_duration":"slow"},"elements":[],"isInner":false,"widgetType":"houzez_elementor_icon_box","elType":"widget"}],"isInner":true,"elType":"column"}],"isInner":true,"elType":"section"},{"id":"35fc8144","settings":[],"elements":[],"isInner":false,"widgetType":"spacer","elType":"widget"}],"isInner":false,"elType":"column"}],"isInner":false,"elType":"section"},{"id":"7aebaad7","settings":{"animation":"fadeIn","structure":"20"},"elements":[{"id":"e87aea4","settings":{"_column_size":50,"_inline_size":null},"elements":[{"id":"3b6357b","settings":[],"elements":[],"isInner":false,"widgetType":"houzez_elementor_space","elType":"widget"},{"id":"3b279c78","settings":{"hz_section_title":"Updates From Our blog","hz_section_subtitle":"Choose from different listing templates and lay them out\u0003as lists or grids, full-width or boxed  \u200b","section_title_typography_typography":"custom","section_title_typography_font_family":"Playfair Display","section_title_typography_font_size":{"unit":"px","size":40,"sizes":[]},"section_title_typography_font_weight":"400","section_subtitle_typography_typography":"custom","section_subtitle_typography_font_family":"Dosis","section_subtitle_typography_font_weight":"500","section_subtitle_typography_text_transform":"uppercase","section_subtitle_typography_line_height":{"unit":"em","size":1.5,"sizes":[]},"section_subtitle_typography_letter_spacing":{"unit":"px","size":1,"sizes":[]},"houzez_section_title_color":"#000000","houzez_section_subtitle_color":"#7A7A7A","homey_main_title_spacing":{"unit":"px","size":20,"sizes":[]},"homey_subtitle_spacing":{"unit":"px","size":0,"sizes":[]},"houzez_section_title_margin_bottom":{"unit":"px","size":0,"sizes":[]},"_animation":"fadeIn","animation_duration":"slow","houzez_section_title_align":"left","section_title_typography_font_size_mobile":{"unit":"px","size":30,"sizes":[]},"section_subtitle_typography_font_size_mobile":{"unit":"px","size":13,"sizes":[]},"houzez_section_title_align_mobile":"center"},"elements":[],"isInner":false,"widgetType":"houzez_elementor_section_title","elType":"widget"},{"id":"1352ff3c","settings":{"height":{"unit":"px","size":20,"sizes":[]}},"elements":[],"isInner":false,"widgetType":"houzez_elementor_space","elType":"widget"}],"isInner":false,"elType":"column"},{"id":"4bb4e629","settings":{"_column_size":50,"_inline_size":null},"elements":[],"isInner":false,"elType":"column"}],"isInner":false,"elType":"section"},{"id":"145c5d0e","settings":[],"elements":[{"id":"479d75d9","settings":{"_column_size":100,"_inline_size":null},"elements":[{"id":"165dba18","settings":{"category_id":"35","posts_limit":"4"},"elements":[],"isInner":false,"widgetType":"houzez_elementor_blog_posts","elType":"widget"},{"id":"6b69026a","settings":[],"elements":[],"isInner":false,"widgetType":"houzez_elementor_space","elType":"widget"}],"isInner":false,"elType":"column"}],"isInner":false,"elType":"section"},{"id":"1f6a1806","settings":{"background_background":"classic","background_color":"#FFFFFF","padding":{"unit":"px","top":"20","right":"20","bottom":"20","left":"20","isLinked":true}},"elements":[{"id":"160017","settings":{"_column_size":100,"_inline_size":null},"elements":[{"id":"777e1493","settings":{"content_position":"middle","structure":"20"},"elements":[{"id":"7fc6030c","settings":{"_column_size":50,"_inline_size":40.536},"elements":[{"id":"5589390c","settings":{"hz_section_title":"Newsletter Sing Up","section_title_typography_typography":"custom","section_title_typography_font_family":"Dosis","section_title_typography_font_size":{"unit":"px","size":30,"sizes":[]},"section_title_typography_font_weight":"400","section_subtitle_typography_typography":"custom","section_subtitle_typography_font_family":"Dosis","section_subtitle_typography_font_weight":"500","section_subtitle_typography_text_transform":"uppercase","section_subtitle_typography_line_height":{"unit":"em","size":1.5,"sizes":[]},"section_subtitle_typography_letter_spacing":{"unit":"px","size":1,"sizes":[]},"houzez_section_title_color":"#000000","houzez_section_subtitle_color":"#7A7A7A","homey_main_title_spacing":{"unit":"px","size":0,"sizes":[]},"homey_subtitle_spacing":{"unit":"px","size":0,"sizes":[]},"houzez_section_title_margin_bottom":{"unit":"px","size":0,"sizes":[]},"_animation":"fadeIn","animation_duration":"slow","houzez_section_title_align":"left","section_title_typography_text_transform":"uppercase"},"elements":[],"isInner":false,"widgetType":"houzez_elementor_section_title","elType":"widget"}],"isInner":true,"elType":"column"},{"id":"68820f7c","settings":{"_column_size":50,"_inline_size":59.464},"elements":[{"id":"5bc7b880","settings":{"shortcode":"[mc4wp_form id=\"1251\"]"},"elements":[],"isInner":false,"widgetType":"shortcode","elType":"widget"}],"isInner":true,"elType":"column"}],"isInner":true,"elType":"section"}],"isInner":false,"elType":"column"}],"isInner":false,"elType":"section"}]}