{"version":"0.4","title":"Demo 15 &#8211; Speak to an expert","type":"page","content":[{"id":"56709b1f","settings":{"stretch_section":"section-stretched","content_position":"middle","background_background":"classic","background_image":{"url":"https:\/\/demo15.houzez.co\/wp-content\/uploads\/2018\/07\/agent-bg.jpg","id":7995},"background_size":"cover","background_overlay_background":"classic","background_overlay_opacity":{"unit":"px","size":0.25,"sizes":[]},"background_attachment":"fixed","background_repeat":"no-repeat","background_overlay_color":"#1D70D3"},"elements":[{"id":"28c4c935","settings":{"_column_size":100,"_inline_size":null,"margin_mobile":{"unit":"px","top":"20","right":"20","bottom":"0","left":"20","isLinked":false},"padding_tablet":{"unit":"px","top":"0","right":"0","bottom":"0","left":"30","isLinked":false},"animation":"fadeIn"},"elements":[{"id":"34fceb4b","settings":[],"elements":[],"isInner":false,"widgetType":"spacer","elType":"widget"},{"id":"614c4b3b","settings":[],"elements":[],"isInner":false,"widgetType":"spacer","elType":"widget"},{"id":"68d963cd","settings":{"hz_section_title":"Speak to an expert","hz_section_subtitle":"The Contact Form widget allows you to design unique forms to capture your leads. This form automatically connects with the integrated Houzez CRM and your email inbox to keep everything on track.","section_title_typography_typography":"custom","section_title_typography_font_family":"Quicksand","section_title_typography_font_size":{"unit":"px","size":40,"sizes":[]},"section_title_typography_line_height":{"unit":"em","size":1.3,"sizes":[]},"section_title_typography_letter_spacing":{"unit":"px","size":-0.5,"sizes":[]},"section_subtitle_typography_typography":"custom","section_subtitle_typography_font_family":"Quicksand","section_subtitle_typography_font_size":{"unit":"px","size":18,"sizes":[]},"section_subtitle_typography_line_height":{"unit":"em","size":1.5,"sizes":[]},"houzez_section_title_color":"#FFFFFF","houzez_section_subtitle_color":"#FFFFFF","homey_main_title_spacing":{"unit":"px","size":15,"sizes":[]},"houzez_section_title_align":"left"},"elements":[],"isInner":false,"widgetType":"houzez_elementor_section_title","elType":"widget"},{"id":"4860140b","settings":{"content_position":"middle","structure":"20"},"elements":[{"id":"6e425753","settings":{"_column_size":50,"_inline_size":null},"elements":[{"id":"72ebeafa","settings":{"form_name":"New Form","form_fields":[{"_id":"name","field_type":"first_name","field_label":"First Name","placeholder":"Enter your name","width":"50","required":"true","field_options":"","width_tablet":"","width_mobile":"","rows":4},{"field_type":"last_name","field_label":"Last Name","placeholder":"Enter your last name","width":"50","required":"true","field_options":"","width_tablet":"","width_mobile":"","rows":4,"_id":"bf18955"},{"_id":"email","field_type":"email","required":"true","field_label":"Email","placeholder":"Email","width":"100","field_options":"","width_tablet":"","width_mobile":"","rows":4},{"field_type":"mobile","field_label":"Phone","placeholder":"Phone","required":"","field_options":"","width":"50","width_tablet":"","width_mobile":"","rows":4,"_id":"d7b83bf"},{"field_type":"zip","field_label":"Zip Code","placeholder":"Zip Code","required":"","field_options":"","width":"50","width_tablet":"","width_mobile":"","rows":4,"_id":"1618b6b"},{"_id":"message","field_type":"message","field_label":"Message","placeholder":"Message","width":"100","required":"true","field_options":"","width_tablet":"","width_mobile":"","rows":4}],"button_text":"Submit","email_to":"hello@favethemes.com","email_subject":"New message from &quot;Houzez 01&quot;","_padding":{"unit":"px","top":"50","right":"50","bottom":"50","left":"50","isLinked":true},"_background_background":"classic","_background_color":"#FFFFFF","mark_required":"yes","column_gap":{"unit":"px","size":20,"sizes":[]},"label_typography_typography":"custom","label_typography_font_weight":"500","gdpr_agreement":"yes","gdpr_label":"GDPR Agreement","gdpr_required":"true","gdpr_text":"I consent to having this website store my submitted information","button_background_color":"#1D70D3","button_background_hover_color":"rgba(29, 112, 211, 0.79)"},"elements":[],"isInner":false,"widgetType":"houzez_elementor_contact_form","elType":"widget"}],"isInner":true,"elType":"column"},{"id":"771f7991","settings":{"_column_size":50,"_inline_size":null},"elements":[{"id":"309b599e","settings":{"editor":"<p class=\"padding-top\"><strong>For inquiries<\/strong><strong>\u00a0contact:<\/strong><\/p><p><strong>Amy Miller<\/strong><br \/>Public Relations Manager<br \/>774 NE 84th St Miami, FL 33879<br \/>amy.miller@houzez.com<\/p><p><strong>Kyle Parker<\/strong><br \/>Public Relations Associated<br \/>774 NE 84th St Miami, FL 33879<br \/>kyle.parker@houzez.com<\/p>","_padding":{"unit":"px","top":"50","right":"50","bottom":"50","left":"50","isLinked":true},"text_color":"#FFFFFF","typography_typography":"custom","typography_font_size":{"unit":"px","size":18,"sizes":[]},"typography_font_weight":"100","typography_line_height":{"unit":"em","size":1.75,"sizes":[]}},"elements":[],"isInner":false,"widgetType":"text-editor","elType":"widget"}],"isInner":true,"elType":"column"}],"isInner":true,"elType":"section"},{"id":"1e04126f","settings":{"space":{"unit":"px","size":70,"sizes":[]}},"elements":[],"isInner":false,"widgetType":"spacer","elType":"widget"}],"isInner":false,"elType":"column"}],"isInner":false,"elType":"section"}]}