{"version":"0.4","title":"Demo 15 &#8211; Homepage 2","type":"page","content":[{"id":"45dba069","settings":{"stretch_section":"section-stretched","height":"min-height","content_position":"middle","structure":"50","background_background":"classic","background_image":{"url":"http:\/\/wordpress-248995-783129.cloudwaysapps.com\/wp-content\/uploads\/2018\/07\/header-form.jpg","id":7889},"background_size":"cover","custom_height":{"unit":"px","size":800,"sizes":[]},"background_position":"center center","background_attachment":"scroll","margin":{"unit":"px","top":"0","right":0,"bottom":"0","left":0,"isLinked":true},"layout":"full_width","gap":"wider"},"elements":[{"id":"10379d4e","settings":{"_column_size":20,"_inline_size":8},"elements":[],"isInner":false,"elType":"column"},{"id":"54f1bdb3","settings":{"_column_size":20,"_inline_size":32,"margin_mobile":{"unit":"px","top":"20","right":"20","bottom":"0","left":"20","isLinked":false},"padding_tablet":{"unit":"px","top":"0","right":"0","bottom":"0","left":"30","isLinked":false},"animation":"fadeIn"},"elements":[{"id":"62d77699","settings":{"hz_section_title":"How Much Is My House Worth?\u200b","hz_section_subtitle":"Houzez was built to get more real estate leads, increase your conversions rate, schedule more viewings for your properties and ultimately earn more commissions","section_title_typography_typography":"custom","section_title_typography_font_family":"Quicksand","section_title_typography_font_size":{"unit":"px","size":50,"sizes":[]},"section_title_typography_line_height":{"unit":"em","size":1.3,"sizes":[]},"section_title_typography_letter_spacing":{"unit":"px","size":-0.5,"sizes":[]},"section_subtitle_typography_typography":"custom","section_subtitle_typography_font_family":"Quicksand","section_subtitle_typography_font_size":{"unit":"px","size":18,"sizes":[]},"section_subtitle_typography_line_height":{"unit":"em","size":1.5,"sizes":[]},"houzez_section_title_align":"left","houzez_section_title_color":"#FFFFFF","houzez_section_subtitle_color":"#FFFFFF","homey_main_title_spacing":{"unit":"px","size":15,"sizes":[]},"section_title_typography_font_size_mobile":{"unit":"px","size":30,"sizes":[]},"_margin_mobile":{"unit":"px","top":"30","right":"0","bottom":"50","left":"0","isLinked":false}},"elements":[],"isInner":false,"widgetType":"houzez_elementor_section_title","elType":"widget"}],"isInner":false,"elType":"column"},{"id":"19bcc63","settings":{"_column_size":20,"_inline_size":16},"elements":[],"isInner":false,"elType":"column"},{"id":"2244137b","settings":{"_column_size":20,"_inline_size":36,"background_background":"classic","background_color":"rgba(0,0,0,0.65)","margin_tablet":{"unit":"px","top":"0","right":"30","bottom":"0","left":"0","isLinked":false},"margin_mobile":{"unit":"px","top":"0","right":"20","bottom":"20","left":"20","isLinked":false},"padding":{"unit":"px","top":"40","right":"40","bottom":"20","left":"40","isLinked":false},"animation":"fadeIn","animation_delay":200,"margin":{"unit":"px","top":"60","right":"0","bottom":"0","left":"0","isLinked":false}},"elements":[{"id":"480efbc0","settings":{"hz_section_title":"Get your home estimation","hz_section_subtitle":"This form is customizable and designed to work with Houzez CRM","section_title_typography_typography":"custom","section_title_typography_font_family":"Quicksand","section_title_typography_font_size":{"unit":"px","size":25,"sizes":[]},"section_title_typography_line_height":{"unit":"em","size":1.3,"sizes":[]},"section_subtitle_typography_typography":"custom","section_subtitle_typography_font_family":"Quicksand","section_subtitle_typography_font_size":{"unit":"px","size":18,"sizes":[]},"section_subtitle_typography_line_height":{"unit":"em","size":1.5,"sizes":[]},"houzez_section_title_align":"left","houzez_section_title_color":"#FFFFFF","houzez_section_subtitle_color":"#FFFFFF","homey_subtitle_spacing":{"unit":"px","size":0,"sizes":[]},"houzez_section_title_margin_bottom":{"unit":"px","size":0,"sizes":[]}},"elements":[],"isInner":false,"widgetType":"houzez_elementor_section_title","elType":"widget"},{"id":"5032f269","settings":{"form_name":"New Form","form_fields":[{"field_type":"first_name","field_label":"First Name","placeholder":"First name","required":"true","field_options":"","width":"50","width_tablet":"","width_mobile":"","rows":4,"_id":"19a9b37"},{"field_type":"last_name","field_label":"Last Name","placeholder":"Last name","required":"true","field_options":"","width":"50","width_tablet":"","width_mobile":"","rows":4,"_id":"9fe1a42"},{"field_type":"email","field_label":"Email","placeholder":"Email","required":"true","field_options":"","width":"100","width_tablet":"","width_mobile":"","rows":4,"_id":"332f916"},{"field_type":"e_meta[zipcode]","field_label":"Zip Code","placeholder":"Zip Code","required":"true","field_options":"","width":"100","width_tablet":"","width_mobile":"","rows":4,"_id":"f1268f5"}],"show_labels":"","button_text":"Request","email_to":"hello@favethemes.com","email_subject":"New message from &quot;Houzez&quot;","button_background_color":"#1D70D3","button_background_hover_color":"rgba(29, 112, 211, 0.79)","input_size":"md","gdpr_agreement":"yes","gdpr_label":"GDPR Agreement","gdpr_text":"I consent to having this website store my submitted information","button_size":"md","label_color":"#FFFFFF","field_text_color":"#000000","field_border_color":"#FFFFFF","field_gdpr_color":"#FFFFFF","gdpr_typography_typography":"custom","gdpr_typography_font_size":{"unit":"px","size":15,"sizes":[]},"gdpr_typography_line_height":{"unit":"em","size":1.7,"sizes":[]},"gdpr_required":"true"},"elements":[],"isInner":false,"widgetType":"houzez_elementor_inquiry_form","elType":"widget"}],"isInner":false,"elType":"column"},{"id":"66ce5523","settings":{"_column_size":20,"_inline_size":8},"elements":[],"isInner":false,"elType":"column"}],"isInner":false,"elType":"section"},{"id":"40f9d0ae","settings":{"animation":"fadeIn","background_background":"classic","background_color":"#FFFFFF"},"elements":[{"id":"15c81b7a","settings":{"_column_size":100},"elements":[{"id":"6e019c01","settings":[],"elements":[],"isInner":false,"widgetType":"houzez_elementor_space","elType":"widget"},{"id":"6db3cdac","settings":{"content_width":{"unit":"px","size":810,"sizes":[]}},"elements":[{"id":"3f9c33d5","settings":{"_column_size":100,"_inline_size":null},"elements":[{"id":"574532ee","settings":{"hz_section_title":"Which Are Your Benefits?","hz_section_subtitle":"This real estate website builder is equipped with every tool you\u2019d need to deliver a product that any realtor or real estate agency would be delighted to have","section_title_typography_typography":"custom","section_title_typography_font_family":"Quicksand","section_title_typography_font_size":{"unit":"px","size":40,"sizes":[]},"section_title_typography_font_weight":"600","section_title_typography_line_height":{"unit":"em","size":1.5,"sizes":[]},"section_title_typography_letter_spacing":{"unit":"px","size":-0.5,"sizes":[]},"section_subtitle_typography_typography":"custom","section_subtitle_typography_font_family":"Quicksand","section_subtitle_typography_font_size":{"unit":"px","size":18,"sizes":[]},"section_subtitle_typography_line_height":{"unit":"em","size":1.5,"sizes":[]},"houzez_section_title_color":"#000000","houzez_section_subtitle_color":"#000000","homey_main_title_spacing":{"unit":"px","size":15,"sizes":[]}},"elements":[],"isInner":false,"widgetType":"houzez_elementor_section_title","elType":"widget"}],"isInner":true,"elType":"column"}],"isInner":true,"elType":"section"},{"id":"76209f27","settings":{"structure":"40"},"elements":[{"id":"4cc88a6a","settings":{"_column_size":25,"_inline_size":null},"elements":[{"id":"6df976a1","settings":{"image":{"url":"http:\/\/wordpress-248995-783129.cloudwaysapps.com\/wp-content\/uploads\/2018\/07\/Asset-2.png","id":7986},"title_text":"Get More<br> Real Estate Leads","description_text":"Lorem ipsum dolor sit amet, consectetur adipiscing elit. Cras eu vulputate urna.","image_space":{"unit":"px","size":25,"sizes":[]},"image_size":{"unit":"%","size":35,"sizes":[]},"title_color":"#000000","title_typography_typography":"custom","title_typography_font_family":"Quicksand","title_typography_font_weight":"700","description_color":"#000000","description_typography_typography":"custom","description_typography_font_family":"Quicksand","description_typography_font_weight":"300","title_bottom_space":{"unit":"px","size":20,"sizes":[]},"title_typography_font_size":{"unit":"px","size":20,"sizes":[]},"title_typography_line_height":{"unit":"em","size":1.5,"sizes":[]},"title_typography_letter_spacing":{"unit":"px","size":-0.5,"sizes":[]},"description_typography_font_size":{"unit":"px","size":17,"sizes":[]},"description_typography_line_height":{"unit":"em","size":1.5,"sizes":[]},"description_typography_letter_spacing":{"unit":"px","size":-0.5,"sizes":[]}},"elements":[],"isInner":false,"widgetType":"image-box","elType":"widget"}],"isInner":true,"elType":"column"},{"id":"13fa6e18","settings":{"_column_size":25,"_inline_size":null},"elements":[{"id":"f4687fd","settings":{"image":{"url":"http:\/\/wordpress-248995-783129.cloudwaysapps.com\/wp-content\/uploads\/2018\/07\/Asset-3.png","id":7985},"title_text":"Increase<br> Your Conversion Rate","description_text":"Lorem ipsum dolor sit amet, consectetur adipiscing elit. Cras eu vulputate urna.","image_space":{"unit":"px","size":25,"sizes":[]},"image_size":{"unit":"%","size":35,"sizes":[]},"title_bottom_space":{"unit":"px","size":20,"sizes":[]},"title_color":"#000000","title_typography_typography":"custom","title_typography_font_family":"Quicksand","title_typography_font_size":{"unit":"px","size":20,"sizes":[]},"title_typography_font_weight":"700","description_color":"#000000","description_typography_typography":"custom","description_typography_font_family":"Quicksand","description_typography_font_size":{"unit":"px","size":17,"sizes":[]},"description_typography_font_weight":"300","description_typography_line_height":{"unit":"em","size":1.5,"sizes":[]},"description_typography_letter_spacing":{"unit":"px","size":-0.5,"sizes":[]}},"elements":[],"isInner":false,"widgetType":"image-box","elType":"widget"}],"isInner":true,"elType":"column"},{"id":"5c709af","settings":{"_column_size":25,"_inline_size":null},"elements":[{"id":"c81397c","settings":{"image":{"url":"http:\/\/wordpress-248995-783129.cloudwaysapps.com\/wp-content\/uploads\/2018\/07\/Asset-4.png","id":7984},"title_text":"Improve<br> Your Brand Awareness","description_text":"Lorem ipsum dolor sit amet, consectetur adipiscing elit. Cras eu vulputate urna.","image_space":{"unit":"px","size":25,"sizes":[]},"image_size":{"unit":"%","size":35,"sizes":[]},"title_bottom_space":{"unit":"px","size":20,"sizes":[]},"title_color":"#000000","title_typography_typography":"custom","title_typography_font_family":"Quicksand","title_typography_font_size":{"unit":"px","size":20,"sizes":[]},"title_typography_font_weight":"700","description_color":"#000000","description_typography_typography":"custom","description_typography_font_family":"Quicksand","description_typography_font_size":{"unit":"px","size":17,"sizes":[]},"description_typography_font_weight":"300","description_typography_line_height":{"unit":"em","size":1.5,"sizes":[]},"description_typography_letter_spacing":{"unit":"px","size":-0.5,"sizes":[]}},"elements":[],"isInner":false,"widgetType":"image-box","elType":"widget"}],"isInner":true,"elType":"column"},{"id":"2e184c3a","settings":{"_column_size":25,"_inline_size":null},"elements":[{"id":"15978f9e","settings":{"image":{"url":"http:\/\/wordpress-248995-783129.cloudwaysapps.com\/wp-content\/uploads\/2018\/07\/Asset-1-1.png","id":7987},"title_text":"Support <br>Your Business Goals","description_text":"Lorem ipsum dolor sit amet, consectetur adipiscing elit. Cras eu vulputate urna.","image_space":{"unit":"px","size":25,"sizes":[]},"image_size":{"unit":"%","size":35,"sizes":[]},"title_bottom_space":{"unit":"px","size":20,"sizes":[]},"title_color":"#000000","title_typography_typography":"custom","title_typography_font_family":"Quicksand","title_typography_font_size":{"unit":"px","size":20,"sizes":[]},"title_typography_font_weight":"700","description_color":"#000000","description_typography_typography":"custom","description_typography_font_family":"Quicksand","description_typography_font_size":{"unit":"px","size":17,"sizes":[]},"description_typography_font_weight":"300","description_typography_line_height":{"unit":"em","size":1.5,"sizes":[]},"description_typography_letter_spacing":{"unit":"px","size":-0.5,"sizes":[]}},"elements":[],"isInner":false,"widgetType":"image-box","elType":"widget"}],"isInner":true,"elType":"column"}],"isInner":true,"elType":"section"},{"id":"91ccdd2","settings":[],"elements":[],"isInner":false,"widgetType":"houzez_elementor_space","elType":"widget"}],"isInner":false,"elType":"column"}],"isInner":false,"elType":"section"},{"id":"66cfc2b3","settings":{"stretch_section":"section-stretched","background_color":"#ffffff","animation":"fadeIn"},"elements":[{"id":"687cfd2f","settings":{"_column_size":100},"elements":[{"id":"cf18fba","settings":[],"elements":[],"isInner":false,"widgetType":"houzez_elementor_space","elType":"widget"},{"id":"3be95059","settings":{"content_width":{"unit":"px","size":810,"sizes":[]}},"elements":[{"id":"56a9937e","settings":{"_column_size":100,"_inline_size":null},"elements":[{"id":"7e2026cf","settings":{"hz_section_title":"We Help You To Sell Your Home","hz_section_subtitle":"After years of business, our responsibility and attention to the customer have never been so effective. Find out what people say about us.","section_title_typography_typography":"custom","section_title_typography_font_family":"Quicksand","section_title_typography_font_size":{"unit":"px","size":40,"sizes":[]},"section_title_typography_font_weight":"600","section_title_typography_line_height":{"unit":"em","size":1.5,"sizes":[]},"section_title_typography_letter_spacing":{"unit":"px","size":-0.5,"sizes":[]},"section_subtitle_typography_typography":"custom","section_subtitle_typography_font_family":"Quicksand","section_subtitle_typography_font_size":{"unit":"px","size":18,"sizes":[]},"section_subtitle_typography_line_height":{"unit":"em","size":1.5,"sizes":[]},"houzez_section_title_color":"#000000","houzez_section_subtitle_color":"#000000","homey_main_title_spacing":{"unit":"px","size":15,"sizes":[]}},"elements":[],"isInner":false,"widgetType":"houzez_elementor_section_title","elType":"widget"},{"id":"4cd00f3","settings":{"height":{"unit":"px","size":20,"sizes":[]}},"elements":[],"isInner":false,"widgetType":"houzez_elementor_space","elType":"widget"}],"isInner":true,"elType":"column"}],"isInner":true,"elType":"section"},{"id":"1ec0c6f3","settings":[],"elements":[{"id":"66e130cc","settings":{"_column_size":100,"_inline_size":null},"elements":[{"id":"192a8f4b","settings":{"testimonials_type":"grid_2cols","posts_limit":"2","houzez_testi_v2_text_color":"#000000","houzez_testi_v2_bg_color":"#FFFFFF"},"elements":[],"isInner":false,"widgetType":"houzez_elementor_testimonials_v2","elType":"widget"}],"isInner":true,"elType":"column"}],"isInner":true,"elType":"section"},{"id":"6e1c4cff","settings":{"height":{"unit":"px","size":70,"sizes":[]}},"elements":[],"isInner":false,"widgetType":"houzez_elementor_space","elType":"widget"}],"isInner":false,"elType":"column"}],"isInner":false,"elType":"section"},{"id":"78c2acac","settings":{"stretch_section":"section-stretched","height":"min-height","custom_height":{"unit":"px","size":800,"sizes":[]},"background_background":"classic","background_image":{"url":"http:\/\/wordpress-248995-783129.cloudwaysapps.com\/wp-content\/uploads\/2018\/07\/agent-bg.jpg","id":7995},"background_attachment":"fixed","background_size":"cover","animation":"fadeIn","structure":"20"},"elements":[{"id":"4d9e17d6","settings":{"_column_size":50,"_inline_size":38.509},"elements":[{"id":"3e4f3f68","settings":{"hz_section_title":"Would You Like To Speak To An Expert?","hz_section_subtitle":"Houzez as features that your client might not even have dreamt about","section_title_typography_typography":"custom","section_title_typography_font_family":"Quicksand","section_title_typography_font_size":{"unit":"px","size":40,"sizes":[]},"section_title_typography_font_weight":"600","section_title_typography_line_height":{"unit":"em","size":1.3,"sizes":[]},"section_title_typography_letter_spacing":{"unit":"px","size":-0.5,"sizes":[]},"section_subtitle_typography_typography":"custom","section_subtitle_typography_font_family":"Quicksand","section_subtitle_typography_font_size":{"unit":"px","size":18,"sizes":[]},"section_subtitle_typography_line_height":{"unit":"em","size":1.5,"sizes":[]},"houzez_section_title_align":"left","houzez_section_title_color":"#FFFFFF","houzez_section_subtitle_color":"#FFFFFF","homey_main_title_spacing":{"unit":"px","size":15,"sizes":[]}},"elements":[],"isInner":false,"widgetType":"houzez_elementor_section_title","elType":"widget"},{"id":"ac110aa","settings":{"text":"Speak to an expert","link":{"url":"https:\/\/demo15.houzez.co\/speak-to-an-expert\/","is_external":"","nofollow":""},"size":"md","typography_typography":"custom","typography_font_family":"Quicksand","typography_font_weight":"600","button_text_color":"#ffffff","background_color":"#1d70d3","hover_color":"#ffffff","button_background_hover_color":"rgba(29,112,211,0.86)","align":"left"},"elements":[],"isInner":false,"widgetType":"button","elType":"widget"}],"isInner":false,"elType":"column"},{"id":"42adfd1","settings":{"_column_size":50,"_inline_size":61.491},"elements":[],"isInner":false,"elType":"column"}],"isInner":false,"elType":"section"},{"id":"71a4ab2c","settings":{"stretch_section":"section-stretched","background_background":"classic","background_color":"#ffffff","animation":"fadeIn"},"elements":[{"id":"4b2923c6","settings":{"_column_size":100},"elements":[{"id":"24e34ac4","settings":[],"elements":[],"isInner":false,"widgetType":"houzez_elementor_space","elType":"widget"},{"id":"12dcc165","settings":{"content_width":{"unit":"px","size":810,"sizes":[]}},"elements":[{"id":"66767a58","settings":{"_column_size":100,"_inline_size":null},"elements":[{"id":"43c713a6","settings":{"hz_section_title":"Discover Our Properties\u200b","hz_section_subtitle":"Find out the finest selection of carefully selected first-class and exclusive properties available on the market.","section_title_typography_typography":"custom","section_title_typography_font_family":"Quicksand","section_title_typography_font_size":{"unit":"px","size":40,"sizes":[]},"section_title_typography_font_weight":"600","section_title_typography_line_height":{"unit":"em","size":1.5,"sizes":[]},"section_title_typography_letter_spacing":{"unit":"px","size":-0.5,"sizes":[]},"section_subtitle_typography_typography":"custom","section_subtitle_typography_font_family":"Quicksand","section_subtitle_typography_font_size":{"unit":"px","size":18,"sizes":[]},"section_subtitle_typography_line_height":{"unit":"em","size":1.5,"sizes":[]},"houzez_section_title_color":"#000000","houzez_section_subtitle_color":"#000000","homey_main_title_spacing":{"unit":"px","size":15,"sizes":[]}},"elements":[],"isInner":false,"widgetType":"houzez_elementor_section_title","elType":"widget"}],"isInner":true,"elType":"column"}],"isInner":true,"elType":"section"},{"id":"26d72f7d","settings":[],"elements":[{"id":"75bd0256","settings":{"_column_size":100,"_inline_size":null},"elements":[{"id":"108f9e10","settings":{"auto_speed":"3000","featured_prop":"yes","hide_compare":"none","hide_favorite":"none","hide_preview":"none","hide_status":"none","hide_label":"none","hz_property_title_typography":"custom","hz_property_title_font_family":"Quicksand","hz_property_title_font_weight":"600","hz_item_price_typography":"custom","hz_item_price_font_family":"Quicksand","hz_item_price_font_size":{"unit":"px","size":18,"sizes":[]},"hz_title_margin_bottom":{"unit":"px","size":6,"sizes":[]},"hz_labels_margin_bottom":{"unit":"px","size":0,"sizes":[]},"np_bg_color":"#1D70D3","np_color":"#FFFFFF","np_bg_color_hover":"rgba(29, 112, 211, 0.82)"},"elements":[],"isInner":false,"widgetType":"houzez_elementor_properties_carousel_v1","elType":"widget"}],"isInner":true,"elType":"column"}],"isInner":true,"elType":"section"},{"id":"1d10d78c","settings":{"height":{"unit":"px","size":20,"sizes":[]}},"elements":[],"isInner":false,"widgetType":"houzez_elementor_space","elType":"widget"},{"id":"7b840c05","settings":{"text":"Check Our Properties","link":{"url":"https:\/\/demo15.houzez.co\/properties\/","is_external":"","nofollow":""},"size":"md","typography_typography":"custom","typography_font_family":"Quicksand","typography_font_weight":"600","button_text_color":"#ffffff","background_color":"#1d70d3","hover_color":"#ffffff","button_background_hover_color":"rgba(29,112,211,0.86)","align":"center"},"elements":[],"isInner":false,"widgetType":"button","elType":"widget"},{"id":"3c6ebf1b","settings":[],"elements":[],"isInner":false,"widgetType":"houzez_elementor_space","elType":"widget"}],"isInner":false,"elType":"column"}],"isInner":false,"elType":"section"},{"id":"7884de21","settings":{"stretch_section":"section-stretched","content_width":{"unit":"px","size":996,"sizes":[]},"background_background":"classic","animation":"fadeIn"},"elements":[{"id":"3eb25918","settings":{"_column_size":100},"elements":[{"id":"458b8ced","settings":[],"elements":[],"isInner":false,"widgetType":"houzez_elementor_space","elType":"widget"},{"id":"60f13f41","settings":{"hz_section_title":"Real Estate Success Stories","hz_section_subtitle":"Read some of our selling stories to see how our expert agents help you prepare your home for sale, set a price, determine a selling strategy and negotiate with buyers","section_title_typography_typography":"custom","section_title_typography_font_family":"Quicksand","section_title_typography_font_size":{"unit":"px","size":40,"sizes":[]},"section_title_typography_font_weight":"600","section_title_typography_line_height":{"unit":"em","size":1.5,"sizes":[]},"section_title_typography_letter_spacing":{"unit":"px","size":-0.5,"sizes":[]},"section_subtitle_typography_typography":"custom","section_subtitle_typography_font_family":"Quicksand","section_subtitle_typography_font_size":{"unit":"px","size":18,"sizes":[]},"section_subtitle_typography_line_height":{"unit":"em","size":1.5,"sizes":[]},"houzez_section_title_color":"#000000","houzez_section_subtitle_color":"#000000","homey_main_title_spacing":{"unit":"px","size":15,"sizes":[]}},"elements":[],"isInner":false,"widgetType":"houzez_elementor_section_title","elType":"widget"},{"id":"329e7bda","settings":{"height":{"unit":"px","size":20,"sizes":[]}},"elements":[],"isInner":false,"widgetType":"houzez_elementor_space","elType":"widget"},{"id":"1afab669","settings":{"structure":"20"},"elements":[{"id":"5f116610","settings":{"_column_size":50,"_inline_size":null},"elements":[{"id":"527d1ca7","settings":{"image":{"url":"http:\/\/wordpress-248995-783129.cloudwaysapps.com\/wp-content\/uploads\/2017\/11\/12-1.jpg","id":7420},"title_text":"Learn The Truth About Real Estate Industry","description_text":"Lorem ipsum dolor sit amet elit, conse tetur adipiscing elit. Ut elit tellus, luctus nec ullamcorper mattis, pulvinar dapibus leo.","image_space":{"unit":"px","size":33,"sizes":[]},"image_size":{"unit":"%","size":100,"sizes":[]},"title_bottom_space":{"unit":"px","size":20,"sizes":[]},"title_color":"#000000","title_typography_typography":"custom","title_typography_font_family":"Quicksand","title_typography_font_size":{"unit":"px","size":25,"sizes":[]},"title_typography_font_weight":"700","title_typography_line_height":{"unit":"em","size":1.5,"sizes":[]},"description_color":"#000000","description_typography_typography":"custom","description_typography_font_family":"Quicksand","description_typography_font_weight":"300","_padding":{"unit":"px","top":"30","right":"30","bottom":"30","left":"30","isLinked":true},"_background_background":"classic","_background_color":"#ffffff","description_typography_font_size":{"unit":"px","size":17,"sizes":[]}},"elements":[],"isInner":false,"widgetType":"image-box","elType":"widget"}],"isInner":true,"elType":"column"},{"id":"2926b025","settings":{"_column_size":50,"_inline_size":null},"elements":[{"id":"376b7ccd","settings":{"image":{"url":"http:\/\/wordpress-248995-783129.cloudwaysapps.com\/wp-content\/uploads\/2017\/11\/12-1.jpg","id":7420},"title_text":"Quick Tips About Business Development","description_text":"Lorem ipsum dolor sit amet elit, conse tetur adipiscing elit. Ut elit tellus, luctus nec ullamcorper mattis, pulvinar dapibus leo.","image_space":{"unit":"px","size":33,"sizes":[]},"image_size":{"unit":"%","size":100,"sizes":[]},"title_bottom_space":{"unit":"px","size":20,"sizes":[]},"title_color":"#000000","title_typography_typography":"custom","title_typography_font_family":"Quicksand","title_typography_font_size":{"unit":"px","size":25,"sizes":[]},"title_typography_font_weight":"700","title_typography_line_height":{"unit":"em","size":1.5,"sizes":[]},"description_color":"#000000","description_typography_typography":"custom","description_typography_font_family":"Quicksand","description_typography_font_size":{"unit":"px","size":17,"sizes":[]},"description_typography_font_weight":"300","_padding":{"unit":"px","top":"30","right":"30","bottom":"30","left":"30","isLinked":true},"_background_background":"classic","_background_color":"#ffffff"},"elements":[],"isInner":false,"widgetType":"image-box","elType":"widget"}],"isInner":true,"elType":"column"}],"isInner":true,"elType":"section"},{"id":"50960c19","settings":[],"elements":[],"isInner":false,"widgetType":"houzez_elementor_space","elType":"widget"},{"id":"1007e0f2","settings":{"text":"Find More Stories","link":{"url":"https:\/\/demo15.houzez.co\/blog\/","is_external":"","nofollow":""},"size":"md","typography_typography":"custom","typography_font_family":"Quicksand","typography_font_weight":"600","button_text_color":"#ffffff","background_color":"#1d70d3","hover_color":"#ffffff","button_background_hover_color":"rgba(29,112,211,0.86)","align":"center"},"elements":[],"isInner":false,"widgetType":"button","elType":"widget"},{"id":"39bb7d5c","settings":[],"elements":[],"isInner":false,"widgetType":"houzez_elementor_space","elType":"widget"}],"isInner":false,"elType":"column"}],"isInner":false,"elType":"section"}]}