{"version":"0.4","title":"Demo 09 &#8211; Contact us","type":"page","content":[{"id":"2a0ff861","settings":[],"elements":[{"id":"4b2d7efe","settings":{"_column_size":100,"_inline_size":null},"elements":[{"id":"23d90141","settings":[],"elements":[],"isInner":false,"widgetType":"spacer","elType":"widget"}],"isInner":false,"elType":"column"}],"isInner":false,"elType":"section"},{"id":"1b78ff3","settings":{"animation":"fadeIn","structure":"20"},"elements":[{"id":"3d892892","settings":{"_column_size":50,"_inline_size":64.533},"elements":[{"id":"5515f84","settings":{"form_name":"New Form","form_fields":[{"_id":"name","field_type":"first_name","field_label":"First Name","placeholder":"First Name","width":"50","required":"","field_options":"","width_tablet":"","width_mobile":"","rows":4},{"field_type":"first_name","field_label":"Last Name","placeholder":"Last Name","width":"50","required":"","field_options":"","width_tablet":"","width_mobile":"","rows":4,"_id":"2235640"},{"_id":"email","field_type":"email","required":"true","field_label":"Email","placeholder":"Email","width":"100","field_options":"","width_tablet":"","width_mobile":"","rows":4},{"_id":"message","field_type":"message","field_label":"Message","placeholder":"Message","width":"100","required":"","field_options":"","width_tablet":"","width_mobile":"","rows":4}],"button_text":"Submit","email_to":"hello@favethemes.com","email_subject":"New message from &quot;Houzez - Highly Customizable Real Estate WordPress Theme&quot;","button_background_color":"#5B8B8B","button_background_hover_color":"rgba(91, 139, 139, 0.73)","_padding":{"unit":"px","top":"60","right":"60","bottom":"65","left":"60","isLinked":false},"_background_background":"classic","_background_color":"rgba(91, 139, 139, 0.1)"},"elements":[],"isInner":false,"widgetType":"houzez_elementor_contact_form","elType":"widget"}],"isInner":false,"elType":"column"},{"id":"3f68124f","settings":{"_column_size":50,"_inline_size":35.402},"elements":[{"id":"2ccdb94a","settings":{"editor":"<h4 class=\"padding-top\">Headquarters<\/h4><p class=\"padding-top\">1584\u00a0Biscayne\u00a0Boulevard<br \/>Miami FL, 33176<\/p><p><strong>Amy Miller<\/strong><br \/>Public Relations Manager<br \/>774 NE 84th St Miami, FL 33879<br \/>amy.miller@houzez.com<\/p><p><strong>Kyle Parker<\/strong><br \/>Public Relations Associated<br \/>774 NE 84th St Miami, FL 33879<br \/>kyle.parker@houzez.com<\/p>","_padding":{"unit":"px","top":"60","right":"60","bottom":"60","left":"60","isLinked":true},"_background_background":"classic","_background_color":"rgba(91,139,139,0.1)"},"elements":[],"isInner":false,"widgetType":"text-editor","elType":"widget"}],"isInner":false,"elType":"column"}],"isInner":false,"elType":"section"},{"id":"bf81733","settings":[],"elements":[{"id":"38def83e","settings":{"_column_size":100},"elements":[{"id":"5b3a8590","settings":[],"elements":[],"isInner":false,"widgetType":"houzez_elementor_space","elType":"widget"}],"isInner":false,"elType":"column"}],"isInner":false,"elType":"section"},{"id":"5eaf4c88","settings":[],"elements":[{"id":"161af980","settings":{"_column_size":100},"elements":[{"id":"61e997e9","settings":[],"elements":[],"isInner":false,"widgetType":"houzez_elementor_space","elType":"widget"}],"isInner":false,"elType":"column"}],"isInner":false,"elType":"section"}]}