{"version":"0.4","title":"Demo 09 &#8211; About us","type":"page","content":[{"id":"5a4f4f65","settings":{"content_width":{"unit":"px","size":814,"sizes":[]},"animation":"fadeIn"},"elements":[{"id":"46599342","settings":{"_column_size":100},"elements":[{"id":"378815bd","settings":[],"elements":[],"isInner":false,"widgetType":"houzez_elementor_space","elType":"widget"},{"id":"1980a446","settings":{"editor":"<p>Luxury real estate is the real estate market niche targeted to high-net-worth individuals. These individuals tend to own multiple homes in numerous locations across the world.\u00a0The characteristics that define luxury real estate differ among countries.\u00a0However, the location largely defines the property\u2019s value, especially with respect to whether it offers views or amenities such as proximity to golf courses, school districts, and the downtown district.<\/p>","align":"center","typography_typography":"custom","typography_font_family":"Lato","typography_font_weight":"300","typography_line_height":{"unit":"em","size":1.7,"sizes":[]}},"elements":[],"isInner":false,"widgetType":"text-editor","elType":"widget"},{"id":"4091251b","settings":[],"elements":[],"isInner":false,"widgetType":"houzez_elementor_space","elType":"widget"}],"isInner":false,"elType":"column"}],"isInner":false,"elType":"section"},{"id":"d611353","settings":{"animation":"fadeIn"},"elements":[{"id":"e4f4785","settings":{"_column_size":100},"elements":[{"id":"cad62f1","settings":{"color":"#ebebeb","text":"Divider"},"elements":[],"isInner":false,"widgetType":"divider","elType":"widget"},{"id":"44c2e96b","settings":[],"elements":[],"isInner":false,"widgetType":"houzez_elementor_space","elType":"widget"}],"isInner":false,"elType":"column"}],"isInner":false,"elType":"section"},{"id":"2aa32a05","settings":{"content_width":{"unit":"px","size":814,"sizes":[]},"structure":"20","animation":"fadeIn"},"elements":[{"id":"7c75a1e8","settings":{"_column_size":50,"_inline_size":null},"elements":[{"id":"76959d0c","settings":{"image":{"url":"https:\/\/wordpress-248995-779808.cloudwaysapps.com\/wp-content\/uploads\/2019\/03\/Screen-Shot-2019-03-12-at-4.00.48-PM.png","id":2422}},"elements":[],"isInner":false,"widgetType":"image","elType":"widget"}],"isInner":false,"elType":"column"},{"id":"69c7ebe4","settings":{"_column_size":50,"_inline_size":null},"elements":[{"id":"5472015e","settings":{"title":"Assets","size":"large","title_color":"#000000","typography_typography":"custom","typography_font_family":"Prata","typography_font_weight":"300"},"elements":[],"isInner":false,"widgetType":"heading","elType":"widget"},{"id":"5d3a7971","settings":{"editor":"<p>Lorem ipsum dolor sit amet, consectetur adipiscing elit. Curabitur sit amet sagittis nibh. Pellentesque fermentum ornare quam, in tempus eros. Ut condimentum, mauris blandit tristique tincidunt, magna dui efficitur libero, eu porta odio diam ac purus.<\/p>","typography_typography":"custom","typography_font_family":"Lato","typography_font_weight":"300"},"elements":[],"isInner":false,"widgetType":"text-editor","elType":"widget"}],"isInner":false,"elType":"column"}],"isInner":false,"elType":"section"},{"id":"4281e666","settings":[],"elements":[{"id":"7431351a","settings":{"_column_size":100},"elements":[{"id":"672b034","settings":[],"elements":[],"isInner":false,"widgetType":"houzez_elementor_space","elType":"widget"}],"isInner":false,"elType":"column"}],"isInner":false,"elType":"section"},{"id":"1e95d4f8","settings":{"stretch_section":"section-stretched","background_background":"classic","background_image":{"url":"https:\/\/wordpress-248995-779808.cloudwaysapps.com\/wp-content\/uploads\/2016\/10\/shutterstock_471499091.jpg","id":2190},"background_position":"center center","background_attachment":"fixed","background_repeat":"no-repeat","background_size":"cover","padding":{"unit":"px","top":"100","right":"0","bottom":"100","left":"0","isLinked":false},"animation":"fadeIn"},"elements":[{"id":"25ed7510","settings":{"_column_size":100},"elements":[{"id":"b36c28e","settings":{"icon_boxes":[{"icon_type":"custom_icon","custom_icon":{"url":"https:\/\/wordpress-248995-779808.cloudwaysapps.com\/wp-content\/uploads\/2016\/10\/icon-8.png","id":2329},"title":"Choice Of Listing Templates","text":"Lorem ipsum dolor sit amet, consectetur adipiscing elit. Donec facilisis et nisl eget vehicula. Maecenas rhoncus enim nisi, eu vestibulum ipsum hendrerit et.","read_more_text":"Read more","read_more_link":{"url":"#"},"_id":"5c47490"},{"icon_type":"custom_icon","custom_icon":{"url":"https:\/\/wordpress-248995-779808.cloudwaysapps.com\/wp-content\/uploads\/2016\/10\/icon-4.png","id":2328},"title":"Advanced Search","text":"Lorem ipsum dolor sit amet, consectetur adipiscing elit. Donec facilisis et nisl eget vehicula. Maecenas rhoncus enim nisi, eu vestibulum ipsum hendrerit et.","read_more_text":"Read more","read_more_link":{"url":"#"},"_id":"b114af5"},{"icon_type":"custom_icon","custom_icon":{"url":"https:\/\/wordpress-248995-779808.cloudwaysapps.com\/wp-content\/uploads\/2016\/10\/icon-1.png","id":2330},"title":"Powerful Filters","text":"Lorem ipsum dolor sit amet, consectetur adipiscing elit. Donec facilisis et nisl eget vehicula. Maecenas rhoncus enim nisi, eu vestibulum ipsum hendrerit et.","read_more_text":"Read more","read_more_link":{"url":"#"},"_id":"9de0b17"}]},"elements":[],"isInner":false,"widgetType":"houzez_elementor_icon_box","elType":"widget"}],"isInner":false,"elType":"column"}],"isInner":false,"elType":"section"},{"id":"26233ae0","settings":[],"elements":[{"id":"52323521","settings":{"_column_size":100},"elements":[{"id":"4f212fb3","settings":[],"elements":[],"isInner":false,"widgetType":"houzez_elementor_space","elType":"widget"}],"isInner":false,"elType":"column"}],"isInner":false,"elType":"section"},{"id":"5c672e82","settings":{"content_width":{"unit":"px","size":814,"sizes":[]},"structure":"20","animation":"fadeIn"},"elements":[{"id":"754ed6ea","settings":{"_column_size":50,"_inline_size":null},"elements":[{"id":"276167f4","settings":{"image":{"url":"https:\/\/wordpress-248995-779808.cloudwaysapps.com\/wp-content\/uploads\/2019\/03\/Screen-Shot-2019-03-12-at-4.00.40-PM.png","id":2423}},"elements":[],"isInner":false,"widgetType":"image","elType":"widget"}],"isInner":false,"elType":"column"},{"id":"1f612432","settings":{"_column_size":50,"_inline_size":null},"elements":[{"id":"43b7a5df","settings":{"title":"Value","size":"large","title_color":"#000000","typography_typography":"custom","typography_font_family":"Prata","typography_font_weight":"300"},"elements":[],"isInner":false,"widgetType":"heading","elType":"widget"},{"id":"2326130c","settings":{"editor":"<p>Lorem ipsum dolor sit amet, consectetur adipiscing elit. Curabitur sit amet sagittis nibh. Pellentesque fermentum ornare quam, in tempus eros. Ut condimentum, mauris blandit tristique tincidunt, magna dui efficitur libero, eu porta odio diam ac purus.<\/p>","typography_typography":"custom","typography_font_family":"Lato","typography_font_weight":"300"},"elements":[],"isInner":false,"widgetType":"text-editor","elType":"widget"}],"isInner":false,"elType":"column"}],"isInner":false,"elType":"section"},{"id":"1d42cd32","settings":{"animation":"fadeIn"},"elements":[{"id":"5484deb9","settings":{"_column_size":100},"elements":[{"id":"13f3b99e","settings":[],"elements":[],"isInner":false,"widgetType":"houzez_elementor_space","elType":"widget"},{"id":"56e939f0","settings":{"color":"#ebebeb","text":"Divider"},"elements":[],"isInner":false,"widgetType":"divider","elType":"widget"},{"id":"75e7d2c8","settings":[],"elements":[],"isInner":false,"widgetType":"houzez_elementor_space","elType":"widget"}],"isInner":false,"elType":"column"}],"isInner":false,"elType":"section"},{"id":"6205b69e","settings":{"animation":"fadeIn"},"elements":[{"id":"613241aa","settings":{"_column_size":100},"elements":[{"id":"5037222d","settings":{"posts_limit":"9","title":"From Our Blog"},"elements":[],"isInner":false,"widgetType":"houzez_elementor_blog_posts_carousel","elType":"widget"}],"isInner":false,"elType":"column"}],"isInner":false,"elType":"section"},{"id":"589b53aa","settings":[],"elements":[{"id":"6e9354fe","settings":{"_column_size":100},"elements":[{"id":"5e8669b3","settings":[],"elements":[],"isInner":false,"widgetType":"houzez_elementor_space","elType":"widget"}],"isInner":false,"elType":"column"}],"isInner":false,"elType":"section"}],"page_settings":{"background_color_stop":{"unit":"%","size":"0","sizes":[]},"background_color_b_stop":{"unit":"%","size":"100","sizes":[]},"background_gradient_angle":{"unit":"deg","size":"180","sizes":[]},"background_xpos":{"unit":"px","size":"0","sizes":[]},"background_xpos_tablet":{"unit":"px","size":"0","sizes":[]},"background_xpos_mobile":{"unit":"px","size":"0","sizes":[]},"background_ypos":{"unit":"px","size":"0","sizes":[]},"background_ypos_tablet":{"unit":"px","size":"0","sizes":[]},"background_ypos_mobile":{"unit":"px","size":"0","sizes":[]},"background_bg_width":{"unit":"%","size":"100","sizes":[]},"background_bg_width_tablet":{"unit":"px","size":"","sizes":[]},"background_bg_width_mobile":{"unit":"px","size":"","sizes":[]},"template":"elementor_header_footer"}}