{"content":[{"id":"63e0fd45","settings":{"margin":{"unit":"px","top":"0","right":0,"bottom":"0","left":0,"isLinked":false},"__globals__":{"background_color":""},"content_position":"middle","background_background":"classic","background_color":"#153048"},"elements":[{"id":"5432b80d","settings":{"_column_size":100,"_inline_size":null,"background_background":"slideshow","background_position":"initial","background_repeat":"no-repeat","background_size":"cover","background_ypos":{"unit":"px","size":-50,"sizes":[]},"background_slideshow_ken_burns":"yes","background_overlay_background":"classic","background_overlay_color":"#FFFFFF","background_slideshow_background_size":"cover","border_border":"solid","border_width":{"unit":"px","top":"0","right":"0","bottom":"0","left":"0","isLinked":true}},"elements":[{"id":"35a5a80a","settings":{"height_inner":"min-height","custom_height_inner":{"unit":"px","size":590,"sizes":[]},"content_position":"middle","structure":"20","background_background":"classic","background_position":"center center","background_repeat":"no-repeat","background_size":"cover","background_overlay_color_b":"#FFFFFF00","background_overlay_gradient_angle":{"unit":"deg","size":90,"sizes":[]},"background_overlay_opacity":{"unit":"px","size":0.66,"sizes":[]},"__globals__":{"background_overlay_color":"globals\/colors?id=6dd1783"},"gap":"no"},"elements":[{"id":"1d3c1941","settings":{"_column_size":50,"_inline_size":null,"space_between_widgets":10},"elements":[{"id":"5bee49e2","settings":{"title":"The home you're dreaming of is waiting for you ","typography_typography":"custom","typography_letter_spacing":{"unit":"px","size":-1,"sizes":[]},"__globals__":{"title_color":""},"typography_font_size":{"unit":"px","size":48,"sizes":[]},"typography_line_height":{"unit":"em","size":1.2,"sizes":[]},"_animation":"fadeIn","align_mobile":"center","typography_font_size_mobile":{"unit":"px","size":36,"sizes":[]},"title_color":"#FFFFFF"},"elements":[],"isInner":false,"widgetType":"heading","elType":"widget"},{"id":"12a7490","settings":{"typography_typography":"custom","typography_font_size":{"unit":"px","size":18,"sizes":[]},"typography_line_height":{"unit":"em","size":1.6,"sizes":[]},"__globals__":{"text_color":""},"editor":"<p>Lorem ipsum dolor sit amet, consectetur adipiscing elit. Ut elit tellus, luctus nec ullamcorper mattis.<\/p>","text_color":"#C0D4E6","_margin":{"unit":"px","top":"0","right":"50","bottom":"0","left":"0","isLinked":false},"_animation":"fadeIn","_animation_delay":200,"align_mobile":"center","_margin_mobile":{"unit":"px","top":"0","right":"0","bottom":"0","left":"0","isLinked":true},"_padding_mobile":{"unit":"px","top":"0","right":"0","bottom":"0","left":"0","isLinked":true}},"elements":[],"isInner":false,"widgetType":"text-editor","elType":"widget"},{"id":"31b59382","settings":{"form_fields":[{"_id":"field-max-price","field_type":"status[]","field_label":"Buy or rent","placeholder":"Select","width":"30","width_mobile":"100","price_from_text":"From","price_to_text":"To","selected_count_text":"items selected"},{"_id":"field-types","field_type":"type[]","field_label":"Looking for","placeholder":"Property Type","is_multiple":"true","select_all_btns":"true","selected_count_text":"types selected","width":"30","width_mobile":"100","price_from_text":"From","price_to_text":"To"},{"field_type":"location[]","field_label":"Location","placeholder":"All Cities","price_from_text":"From","price_to_text":"To","width":"30","selected_count_text":"items selected","_id":"6b0017d"},{"_id":"field-search-btn","field_type":"search-button","field_label":"Search Button","placeholder":"Go","width":"10","price_from_text":"From","price_to_text":"To","selected_count_text":"items selected"}],"show_tabs":"","status_data":["for-rent","for-sale"],"tabs_all_text":"All Status","tabs_padding":{"unit":"px","top":"10","right":"21","bottom":"10","left":"25","isLinked":false},"show_labels":"true","form_background_color":"#FFFFFF","form_padding":{"unit":"px","top":"15","right":"35","bottom":"20","left":"20","isLinked":false},"label_color":"#000000","label_typography_typography":"custom","label_typography_font_size":{"unit":"px","size":12,"sizes":[]},"label_typography_font_weight":"500","label_typography_text_transform":"uppercase","form_radius":{"unit":"px","top":"4","right":"4","bottom":"4","left":"4","isLinked":true},"box_shadow_box_shadow_type":"yes","box_shadow_box_shadow":{"horizontal":0,"vertical":20,"blur":40,"spread":0,"color":"rgba(0, 0, 0, 0.32)"},"tabs_margin":{"unit":"px","top":"0","right":"1","bottom":"0","left":"1","isLinked":false},"form_padding_tablet":{"unit":"px","top":"20","right":"20","bottom":"20","left":"20","isLinked":true},"field_background_color":"#FFFFFF","houzez_search_tabs_align":"","button_text_color":"#FFFFFF","_margin":{"unit":"px","top":"0","right":"-150","bottom":"0","left":"0","isLinked":false},"_z_index":1,"__globals__":{"button_text_color":"","button_background_color":"","search_tabs_bg_color":"","button_background_hover_color":"","button_hover_color":""},"_animation":"fadeIn","_animation_delay":400,"search_tabs_bg_color":"#FF6333","button_background_color":"#FFA72A","button_background_hover_color":"#FF7800","_margin_mobile":{"unit":"px","top":"0","right":"0","bottom":"0","left":"0","isLinked":true},"_padding_mobile":{"unit":"px","top":"0","right":"0","bottom":"0","left":"0","isLinked":true},"button_hover_color":"#FFFFFF"},"elements":[],"isInner":false,"widgetType":"houzez_elementor_search_builder","elType":"widget"}],"isInner":true,"elType":"column"},{"id":"346d3361","settings":{"_column_size":50,"_inline_size":null,"background_background":"slideshow","background_size":"cover","background_slideshow_gallery":[{"id":17330,"url":"https:\/\/demo20.houzez.co\/wp-content\/uploads\/2020\/03\/205.jpg"},{"id":16168,"url":"https:\/\/demo20.houzez.co\/wp-content\/uploads\/2016\/02\/038.jpg"},{"id":17329,"url":"https:\/\/demo20.houzez.co\/wp-content\/uploads\/2020\/03\/206.jpg"},{"id":16140,"url":"https:\/\/demo20.houzez.co\/wp-content\/uploads\/2016\/03\/015.jpg"}],"background_slideshow_ken_burns":"yes","hide_mobile":"hidden-phone"},"elements":[],"isInner":true,"elType":"column"}],"isInner":true,"elType":"section"},{"id":"7ecd3066","settings":{"space":{"unit":"px","size":75,"sizes":[]}},"elements":[],"isInner":false,"widgetType":"spacer","elType":"widget"}],"isInner":false,"elType":"column"}],"isInner":false,"elType":"section"},{"id":"5c147c5c","settings":{"height":"min-height","custom_height":{"unit":"px","size":"","sizes":[]},"column_position":"stretch","background_color_stop":{"unit":"%","size":37,"sizes":[]},"background_color_b":"#FFFFFF","background_color_b_stop":{"unit":"%","size":0,"sizes":[]},"background_gradient_angle":{"unit":"deg","size":270,"sizes":[]},"background_overlay_background":"gradient","background_overlay_color_stop":{"unit":"%","size":60,"sizes":[]},"background_overlay_gradient_angle":{"unit":"deg","size":220,"sizes":[]},"background_overlay_opacity":{"unit":"px","size":1,"sizes":[]},"css_filters_hover_css_filter":"custom","margin":{"unit":"px","top":"0","right":0,"bottom":"0","left":0,"isLinked":false},"__globals__":{"background_color":""},"animation":"fadeIn","background_background":"classic","padding":{"unit":"px","top":"70","right":"0","bottom":"40","left":"0","isLinked":false}},"elements":[{"id":"2a52ed07","settings":{"_column_size":100,"_inline_size":null,"background_background":"classic","background_position":"initial","background_xpos":{"unit":"px","size":-72,"sizes":[]},"background_ypos":{"unit":"%","size":100,"sizes":[]},"background_repeat":"no-repeat","background_size":"initial","background_bg_width":{"unit":"px","size":181,"sizes":[]}},"elements":[{"id":"1ab3cd8a","settings":{"title":"Featured properties","align":"left","typography_typography":"custom","typography_letter_spacing":{"unit":"px","size":0,"sizes":[]},"__globals__":{"title_color":""},"_animation":"none","_margin":{"unit":"px","top":"0","right":"0","bottom":"0","left":"0","isLinked":false},"header_size":"div","typography_font_size":{"unit":"px","size":14,"sizes":[]},"typography_font_weight":"600","typography_text_transform":"uppercase","typography_line_height":{"unit":"em","size":1.2,"sizes":[]},"title_color":"#FFA72A"},"elements":[],"isInner":false,"widgetType":"heading","elType":"widget"},{"id":"60229a08","settings":{"title":"Finest selection of our properties","align":"left","typography_typography":"custom","typography_letter_spacing":{"unit":"px","size":-1,"sizes":[]},"__globals__":{"title_color":""},"_margin":{"unit":"px","top":"0","right":"0","bottom":"20","left":"0","isLinked":false},"title_color":"#153048"},"elements":[],"isInner":false,"widgetType":"heading","elType":"widget"},{"id":"503f28d5","settings":{"background_background":"classic","background_position":"initial","background_xpos":{"unit":"%","size":100,"sizes":[]},"background_ypos":{"unit":"%","size":100,"sizes":[]},"background_repeat":"no-repeat","background_size":"initial","background_bg_width":{"unit":"px","size":165,"sizes":[]},"gap":"no"},"elements":[{"id":"57ee9392","settings":{"_column_size":100,"_inline_size":null},"elements":[{"id":"3f02aeb9","settings":{"sort_by":"featured_top","posts_limit":"6","property_type":["apartment"],"property_status":[],"_animation":"fadeIn","animation_duration":"slow","hide_compare":"none","hide_favorite":"none","hide_preview":"none","hz_property_title_typography":"custom","hz_property_title_font_weight":"600","hz_item_price_typography":"custom","hz_item_price_font_size":{"unit":"px","size":21,"sizes":[]},"hz_item_area-postfix_typography":"custom","hz_item_area-postfix_font_size":{"unit":"px","size":14,"sizes":[]},"hz_property_title_font_size":{"unit":"px","size":0,"sizes":[]},"hz_meta_figure_typography":"custom","hz_meta_figure_font_weight":"600","hz_item_price_letter_spacing":{"unit":"px","size":-1,"sizes":[]},"hz_title_margin_bottom":{"unit":"px","size":0,"sizes":[]},"hz_labels_margin_bottom":{"unit":"px","size":81,"sizes":[]},"price_color":"#FFFFFF","figure_color":"#FFFFFF","pagi_color_hover":"#FF6333","pagi_bg_border_color":"#FFA72A","pagi_border_color_hover":"#FF6333","__globals__":{"price_color":"","figure_color":"","pagi_bg_color":"","pagi_bg_border_color":"","pagi_border_color_hover":"","pagi_color_hover":"","pagi_bg_color_hover":"","pagi_color":""},"pagi_color":"#FFA72A","pagi_bg_color_hover":"#FFFFFF"},"elements":[],"isInner":false,"widgetType":"houzez_elementor_property-card-v3","elType":"widget"}],"isInner":true,"elType":"column"}],"isInner":true,"elType":"section"}],"isInner":false,"elType":"column"}],"isInner":false,"elType":"section"},{"id":"1b0b03f7","settings":{"background_background":"classic","margin":{"unit":"px","top":"0","right":0,"bottom":"0","left":0,"isLinked":false},"padding":{"unit":"px","top":"0","right":"0","bottom":"90","left":"0","isLinked":false},"__globals__":{"background_color":""},"animation":"fadeIn","overflow":"hidden"},"elements":[{"id":"29907650","settings":{"_column_size":100,"_inline_size":null},"elements":[{"id":"2180dc1b","settings":{"structure":"30","background_background":"classic","border_radius":{"unit":"px","top":"16","right":"16","bottom":"16","left":"16","isLinked":true},"box_shadow_box_shadow":{"horizontal":0,"vertical":40,"blur":80,"spread":0,"color":"rgba(0, 0, 0, 0.16)"},"padding":{"unit":"px","top":"53","right":"53","bottom":"53","left":"53","isLinked":true},"z_index":1,"__globals__":{"background_color":""},"overflow":"hidden","padding_mobile":{"unit":"px","top":"30","right":"30","bottom":"30","left":"30","isLinked":true},"background_color":"#153048"},"elements":[{"id":"3262489b","settings":{"_column_size":33,"_inline_size":36.332},"elements":[{"id":"79fb123d","settings":{"title":"Are you selling?","align":"left","typography_typography":"custom","typography_letter_spacing":{"unit":"px","size":0,"sizes":[]},"__globals__":{"title_color":""},"_animation":"none","_margin":{"unit":"px","top":"0","right":"0","bottom":"0","left":"0","isLinked":false},"header_size":"div","typography_font_size":{"unit":"px","size":14,"sizes":[]},"typography_font_weight":"600","typography_text_transform":"uppercase","typography_line_height":{"unit":"em","size":1.2,"sizes":[]},"title_color":"#FFA72A"},"elements":[],"isInner":false,"widgetType":"heading","elType":"widget"},{"id":"17979775","settings":{"title":"We deliver accurate property valuation reports","align":"left","typography_typography":"custom","typography_letter_spacing":{"unit":"px","size":-1.5,"sizes":[]},"__globals__":{"title_color":""},"_animation":"none","_margin":{"unit":"px","top":"0","right":"0","bottom":"0","left":"0","isLinked":false},"typography_font_size":{"unit":"px","size":30,"sizes":[]},"typography_line_height":{"unit":"em","size":1.2,"sizes":[]},"_z_index_mobile":1,"title_color":"#FFFFFF"},"elements":[],"isInner":false,"widgetType":"heading","elType":"widget"}],"isInner":true,"elType":"column"},{"id":"1873b607","settings":{"_column_size":33,"_inline_size":12.963},"elements":[],"isInner":true,"elType":"column"},{"id":"2fcf1e17","settings":{"_column_size":33,"_inline_size":50.037},"elements":[{"id":"2641cf27","settings":{"typography_typography":"custom","typography_font_size":{"unit":"px","size":15,"sizes":[]},"typography_line_height":{"unit":"em","size":1.6,"sizes":[]},"__globals__":{"text_color":""},"editor":"<p>Lorem ipsum dolor sit amet, consectetur adipiscing elit. Ut elit tellus, luctus nec ullamcorper mattis, pulvinar sed do eiusmod tempor.<\/p>","text_color":"#C0D4E6","_margin":{"unit":"px","top":"0","right":"70","bottom":"0","left":"0","isLinked":false},"_z_index_mobile":2},"elements":[],"isInner":false,"widgetType":"text-editor","elType":"widget"},{"id":"1f76e920","settings":{"text":"Request a valuation","size":"md","typography_typography":"custom","typography_font_weight":"500","button_text_color":"#FFFFFF","background_color":"#FFA72A","button_box_shadow_box_shadow_type":"yes","button_box_shadow_box_shadow":{"horizontal":0,"vertical":20,"blur":40,"spread":0,"color":"rgba(0, 0, 0, 0.16)"},"__globals__":{"button_text_color":"","background_color":"","hover_color":""},"button_background_hover_color":"#FF7800","link":{"url":"https:\/\/demo20.houzez.co\/inquiry-form\/","is_external":"","nofollow":"","custom_attributes":""},"align_mobile":"justify","_z_index_mobile":3,"hover_color":"#FFFFFF"},"elements":[],"isInner":false,"widgetType":"button","elType":"widget"},{"id":"4cc35dcc","settings":{"image":{"url":"https:\/\/demo20.houzez.co\/wp-content\/uploads\/2021\/04\/agent-isolated-2.png","id":17856},"image_size":"custom","image_custom_dimension":{"width":"300","height":"350"},"_position":"absolute","_offset_x":{"size":260,"unit":"px"},"_offset_y":{"size":-103,"unit":"px"},"_animation":"fadeInRight","_animation_delay":300,"width_mobile":{"unit":"%","size":87,"sizes":[]},"_z_index_mobile":1,"_offset_orientation_h":"end","_offset_x_mobile":{"size":21.878,"unit":"%"},"_offset_x_end_mobile":{"unit":"%","size":-41,"sizes":[]},"_offset_orientation_v":"end","_offset_y_mobile":{"size":19.503,"unit":"%"},"_offset_y_end_mobile":{"unit":"px","size":-30,"sizes":[]},"_offset_x_end":{"size":-51,"unit":"%"},"_offset_y_end":{"size":-54,"unit":"px"}},"elements":[],"isInner":false,"widgetType":"image","elType":"widget"}],"isInner":true,"elType":"column"}],"isInner":true,"elType":"section"}],"isInner":false,"elType":"column"}],"isInner":false,"elType":"section"},{"id":"45251edd","settings":{"structure":"30","background_background":"classic","margin":{"unit":"px","top":"","right":0,"bottom":"","left":0,"isLinked":true},"padding":{"unit":"px","top":"0","right":"0","bottom":"0","left":"0","isLinked":false},"__globals__":{"background_color":""},"animation":"fadeIn"},"elements":[{"id":"71c83c5a","settings":{"_column_size":33,"_inline_size":57.193},"elements":[{"id":"1f198a87","settings":{"title":"Services","align":"left","typography_typography":"custom","typography_letter_spacing":{"unit":"px","size":0,"sizes":[]},"__globals__":{"title_color":""},"_animation":"none","_margin":{"unit":"px","top":"0","right":"0","bottom":"0","left":"0","isLinked":false},"header_size":"div","typography_font_size":{"unit":"px","size":14,"sizes":[]},"typography_font_weight":"600","typography_text_transform":"uppercase","typography_line_height":{"unit":"em","size":1.2,"sizes":[]},"title_color":"#FFA72A"},"elements":[],"isInner":false,"widgetType":"heading","elType":"widget"},{"id":"4b0177f1","settings":{"title":"The reason why will get benefits by choosing our services","align":"left","typography_typography":"custom","typography_letter_spacing":{"unit":"px","size":-1.5,"sizes":[]},"__globals__":{"title_color":""},"_animation":"none","_margin":{"unit":"px","top":"0","right":"0","bottom":"0","left":"0","isLinked":false},"typography_font_size":{"unit":"px","size":30,"sizes":[]},"typography_line_height":{"unit":"em","size":1.2,"sizes":[]},"title_color":"#153048"},"elements":[],"isInner":false,"widgetType":"heading","elType":"widget"},{"id":"8ceca0b","settings":{"align":"left","typography_typography":"custom","typography_font_size":{"unit":"px","size":16,"sizes":[]},"typography_line_height":{"unit":"em","size":1.8,"sizes":[]},"__globals__":{"text_color":""},"align_mobile":"center","_padding_mobile":{"unit":"px","top":"0","right":"0","bottom":"0","left":"0","isLinked":true},"editor":"<p>Lorem ipsum dolor sit amet, consectetur adipiscing elit. Ut elit tellus, luctus nec ullamcorper mattis, pulvinar sed do eiusmod tempor incidi dunt\u00a0 dapibus leo.<\/p>","text_color":"#565656"},"elements":[],"isInner":false,"widgetType":"text-editor","elType":"widget"},{"id":"6e95577b","settings":{"structure":"20"},"elements":[{"id":"24e1a116","settings":{"_column_size":50,"_inline_size":null},"elements":[{"id":"a6a3afc","settings":{"image":{"url":"https:\/\/demo20.houzez.co\/wp-content\/uploads\/2021\/04\/icon-2-1.png","id":17841},"title_text":"+100","description_text":"Real estate agents","position":"left","image_space":{"unit":"px","size":20,"sizes":[]},"image_size":{"unit":"%","size":20,"sizes":[]},"content_vertical_alignment":"middle","title_bottom_space":{"unit":"px","size":0,"sizes":[]},"title_color":"#000000","title_typography_typography":"custom","title_typography_letter_spacing":{"unit":"px","size":-1.5,"sizes":[]},"description_color":"#565656","_margin":{"unit":"px","top":"0","right":"0","bottom":"30","left":"0","isLinked":false},"__globals__":{"title_color":"","description_color":""},"image_space_mobile":{"unit":"px","size":0,"sizes":[]},"title_bottom_space_mobile":{"unit":"px","size":0,"sizes":[]}},"elements":[],"isInner":false,"widgetType":"image-box","elType":"widget"},{"id":"2f5a6783","settings":{"image":{"url":"https:\/\/demo20.houzez.co\/wp-content\/uploads\/2021\/04\/icon-4-1.png","id":17843},"title_text":"+25","description_text":"Years of experience","position":"left","image_space":{"unit":"px","size":20,"sizes":[]},"image_size":{"unit":"%","size":20,"sizes":[]},"content_vertical_alignment":"middle","title_bottom_space":{"unit":"px","size":0,"sizes":[]},"title_color":"#000000","title_typography_typography":"custom","title_typography_letter_spacing":{"unit":"px","size":-1.5,"sizes":[]},"description_color":"#565656","_margin":{"unit":"px","top":"0","right":"0","bottom":"30","left":"0","isLinked":false},"__globals__":{"title_color":"","description_color":""}},"elements":[],"isInner":false,"widgetType":"image-box","elType":"widget"}],"isInner":true,"elType":"column"},{"id":"675098c7","settings":{"_column_size":50,"_inline_size":null},"elements":[{"id":"316c3959","settings":{"image":{"url":"https:\/\/demo20.houzez.co\/wp-content\/uploads\/2021\/04\/icon-3-1.png","id":17842},"title_text":"+15","description_text":"Countries we operate","position":"left","image_space":{"unit":"px","size":20,"sizes":[]},"image_size":{"unit":"%","size":20,"sizes":[]},"content_vertical_alignment":"middle","title_bottom_space":{"unit":"px","size":0,"sizes":[]},"title_color":"#000000","title_typography_typography":"custom","title_typography_letter_spacing":{"unit":"px","size":-1.5,"sizes":[]},"description_color":"#565656","_margin":{"unit":"px","top":"0","right":"0","bottom":"30","left":"0","isLinked":false},"__globals__":{"title_color":"","description_color":""}},"elements":[],"isInner":false,"widgetType":"image-box","elType":"widget"},{"id":"294d7d1f","settings":{"image":{"url":"https:\/\/demo20.houzez.co\/wp-content\/uploads\/2021\/04\/icon-5-1.png","id":17844},"title_text":"+3500","description_text":"Contracts closed","position":"left","image_space":{"unit":"px","size":20,"sizes":[]},"image_size":{"unit":"%","size":20,"sizes":[]},"content_vertical_alignment":"middle","title_bottom_space":{"unit":"px","size":0,"sizes":[]},"title_color":"#000000","title_typography_typography":"custom","title_typography_letter_spacing":{"unit":"px","size":-1.5,"sizes":[]},"description_color":"#565656","_margin":{"unit":"px","top":"0","right":"0","bottom":"30","left":"0","isLinked":false},"__globals__":{"title_color":"","description_color":""}},"elements":[],"isInner":false,"widgetType":"image-box","elType":"widget"}],"isInner":true,"elType":"column"}],"isInner":true,"elType":"section"}],"isInner":false,"elType":"column"},{"id":"7232115b","settings":{"_column_size":33,"_inline_size":11.052},"elements":[],"isInner":false,"elType":"column"},{"id":"168c326c","settings":{"_column_size":33,"_inline_size":31.087,"background_background":"classic","padding":{"unit":"px","top":"40","right":"40","bottom":"0","left":"40","isLinked":false},"__globals__":{"background_color":""},"background_color":"#153048"},"elements":[{"id":"646a4dc4","settings":{"title":"Contact us","align":"left","typography_typography":"custom","typography_letter_spacing":{"unit":"px","size":0,"sizes":[]},"__globals__":{"title_color":""},"_animation":"none","_margin":{"unit":"px","top":"0","right":"0","bottom":"0","left":"0","isLinked":false},"header_size":"div","typography_font_size":{"unit":"px","size":14,"sizes":[]},"typography_font_weight":"600","typography_text_transform":"uppercase","typography_line_height":{"unit":"em","size":1.2,"sizes":[]},"title_color":"#FFA72A"},"elements":[],"isInner":false,"widgetType":"heading","elType":"widget"},{"id":"3fd6aa94","settings":{"title":"Are you ready to talk to an expert?","align":"left","typography_typography":"custom","typography_letter_spacing":{"unit":"px","size":-1,"sizes":[]},"__globals__":{"title_color":""},"_animation":"none","_margin":{"unit":"px","top":"0","right":"0","bottom":"0","left":"0","isLinked":false},"typography_font_size":{"unit":"px","size":24,"sizes":[]},"typography_line_height":{"unit":"em","size":1.2,"sizes":[]},"title_color":"#FFFFFF"},"elements":[],"isInner":false,"widgetType":"heading","elType":"widget"},{"id":"63e04c9b","settings":{"form_name":"New Form","form_fields":[{"_id":"5c2718c","field_type":"name","field_label":"Name","placeholder":"Name","required":"true"},{"_id":"bf56d84","field_type":"email","field_label":"Email","placeholder":"Email","required":"true"},{"_id":"fb90438","field_type":"message","field_label":"Message","placeholder":"Message","required":"true"}],"show_labels":"","button_text":"Submit","email_to":"hello@favethemes.com","email_subject":"New message from &quot;demo20.houzez.co&quot;","__globals__":{"button_text_color":"","button_background_color":"","button_hover_color":"","field_border_color":""},"field_border_color":"","button_background_color":"#FFA72A","button_text_color":"#FFFFFF","button_background_hover_color":"#FF7800","button_hover_color":"#FFFFFF"},"elements":[],"isInner":false,"widgetType":"houzez_elementor_inquiry_form","elType":"widget"}],"isInner":false,"elType":"column"}],"isInner":false,"elType":"section"},{"id":"2202c678","settings":{"custom_height":{"unit":"px","size":760,"sizes":[]},"content_position":"middle","background_position":"center left","background_repeat":"no-repeat","background_overlay_color":"#FFFFFF","background_overlay_opacity":{"unit":"px","size":0.9,"sizes":[]},"css_filters_blur":{"unit":"px","size":5,"sizes":[]},"stretch_section":"section-stretched","background_background":"classic","padding":{"unit":"px","top":"70","right":"0","bottom":"70","left":"0","isLinked":false},"__globals__":{"background_color":""},"animation":"fadeIn"},"elements":[{"id":"6c1ba970","settings":{"_column_size":100,"_inline_size":null},"elements":[{"id":"3d97ad61","settings":{"title":"Testimonials","align":"left","typography_typography":"custom","typography_letter_spacing":{"unit":"px","size":0,"sizes":[]},"__globals__":{"title_color":""},"_animation":"none","_margin":{"unit":"px","top":"0","right":"0","bottom":"0","left":"0","isLinked":false},"header_size":"div","typography_font_size":{"unit":"px","size":14,"sizes":[]},"typography_font_weight":"600","typography_text_transform":"uppercase","typography_line_height":{"unit":"em","size":1.2,"sizes":[]},"title_color":"#FFA72A"},"elements":[],"isInner":false,"widgetType":"heading","elType":"widget"},{"id":"3ceb2435","settings":{"title":"What customers are saying","align":"left","typography_typography":"custom","typography_letter_spacing":{"unit":"px","size":-1,"sizes":[]},"__globals__":{"title_color":""},"_margin":{"unit":"px","top":"0","right":"0","bottom":"20","left":"0","isLinked":false},"title_color":"#153048"},"elements":[],"isInner":false,"widgetType":"heading","elType":"widget"},{"id":"55acec99","settings":{"posts_limit":"3","houzez_testi_v2_text_color":"#000000","_animation":"fadeIn","animation_duration":"slow","__globals__":{"houzez_testi_v2_bg_color":""},"houzez_testi_v2_bg_color":"#FFFFFF"},"elements":[],"isInner":false,"widgetType":"houzez_elementor_testimonials_v2","elType":"widget"}],"isInner":false,"elType":"column"}],"isInner":false,"elType":"section"}],"page_settings":[],"version":"0.4","title":"Demo 20 &#8211; Homepage","type":"page"}