{"content":[{"id":"51c3f581","settings":{"margin":{"unit":"px","top":"0","right":0,"bottom":"100","left":0,"isLinked":false},"__globals__":{"background_color":""},"content_position":"middle","background_background":"classic","background_color":"#153048","z_index":1},"elements":[{"id":"422f6421","settings":{"_column_size":100,"_inline_size":null,"background_background":"slideshow","background_position":"initial","background_repeat":"no-repeat","background_size":"cover","background_ypos":{"unit":"px","size":-50,"sizes":[]},"background_slideshow_ken_burns":"yes","background_overlay_background":"classic","background_overlay_color":"#FFFFFF","background_slideshow_background_size":"cover","border_border":"solid","border_width":{"unit":"px","top":"0","right":"0","bottom":"0","left":"0","isLinked":true}},"elements":[{"id":"377bcce8","settings":{"height_inner":"min-height","custom_height_inner":{"unit":"px","size":300,"sizes":[]},"content_position":"middle","background_background":"classic","background_position":"center center","background_repeat":"no-repeat","background_size":"cover","background_overlay_color_b":"#FFFFFF00","background_overlay_gradient_angle":{"unit":"deg","size":90,"sizes":[]},"background_overlay_opacity":{"unit":"px","size":0.66,"sizes":[]},"__globals__":{"background_overlay_color":"globals\/colors?id=6dd1783"},"gap":"extended","margin":{"unit":"px","top":"0","right":0,"bottom":"-80","left":0,"isLinked":false}},"elements":[{"id":"56ffd0ed","settings":{"_column_size":100,"_inline_size":null,"space_between_widgets":10},"elements":[{"id":"5a2cffd0","settings":{"title":"Properties","typography_typography":"custom","typography_letter_spacing":{"unit":"px","size":-1,"sizes":[]},"__globals__":{"title_color":""},"typography_font_size":{"unit":"px","size":48,"sizes":[]},"typography_line_height":{"unit":"em","size":1.2,"sizes":[]},"_animation":"fadeIn","align":"center","_margin":{"unit":"px","top":"0","right":"0","bottom":"30","left":"0","isLinked":false},"typography_font_size_mobile":{"unit":"px","size":28,"sizes":[]},"title_color":"#FFFFFF"},"elements":[],"isInner":false,"widgetType":"heading","elType":"widget"},{"id":"2877e4f4","settings":{"form_fields":[{"_id":"e228191","field_type":"keyword","field_label":"Search","placeholder":"Keyword","price_from_text":"From","price_to_text":"To","selected_count_text":"items selected","width":"33"},{"_id":"field-cities","field_type":"location[]","field_label":"Cities","placeholder":"All Cities","width":"16","price_from_text":"From","price_to_text":"To","selected_count_text":"items selected","width_mobile":"50"},{"_id":"field-types","field_type":"type[]","field_label":"Property Type","placeholder":"All Types","is_multiple":"true","select_all_btns":"true","selected_count_text":"types selected","width":"16","width_mobile":"50","price_from_text":"From","price_to_text":"To"},{"_id":"field-beds","field_type":"bedrooms","field_label":"Bedrooms","placeholder":"Bedrooms","width":"16","width_mobile":"50","price_from_text":"From","price_to_text":"To","selected_count_text":"items selected"},{"_id":"field-baths","field_type":"bedrooms","field_label":"Bathrooms","placeholder":"Bathrooms","width":"16","width_mobile":"50","price_from_text":"From","price_to_text":"To","selected_count_text":"items selected"},{"_id":"field-min-price","field_type":"min-price","field_label":"Min. Price","placeholder":"Min. Price","width":"16","width_mobile":"50","price_from_text":"From","price_to_text":"To","selected_count_text":"items selected"},{"_id":"field-max-price","field_type":"max-price","field_label":"Max. Price","placeholder":"Max. Price","width":"16","width_mobile":"50","price_from_text":"From","price_to_text":"To","selected_count_text":"items selected"},{"_id":"field-min-area","field_type":"min-area","field_label":"Min. Area","placeholder":"Min. Area","width":"16","width_mobile":"50","price_from_text":"From","price_to_text":"To","selected_count_text":"items selected"},{"_id":"field-max-area","field_type":"max-area","field_label":"Max. Area","placeholder":"Max. Area","width":"16","width_mobile":"50","price_from_text":"From","price_to_text":"To","selected_count_text":"items selected"},{"_id":"cdc45b4","field_type":"property_id","field_label":"Property ID","placeholder":"Property ID","price_from_text":"From","price_to_text":"To","width":"16","selected_count_text":"items selected"},{"_id":"field-search-btn","field_type":"search-button","field_label":"Search Button","placeholder":"Search","width":"16","price_from_text":"From","price_to_text":"To","selected_count_text":"items selected"}],"show_tabs":"yes","status_data":["for-rent","for-sale"],"tabs_all_text":"All","row_gap":{"unit":"px","size":12,"sizes":[]},"form_padding":{"unit":"px","top":"35","right":"25","bottom":"20","left":"25","isLinked":false},"form_radius":{"unit":"px","top":"8","right":"8","bottom":"8","left":"8","isLinked":true},"tabs_padding":{"unit":"px","top":"8","right":"25","bottom":"8","left":"25","isLinked":false},"_margin":{"unit":"px","top":"0","right":"0","bottom":"-0","left":"0","isLinked":false},"_box_shadow_box_shadow_type":"yes","_box_shadow_box_shadow":{"horizontal":0,"vertical":80,"blur":80,"spread":0,"color":"rgba(0, 0, 0, 0.16)"},"__globals__":{"form_background_color":"","field_text_color":"","search_tabs_bg_color":"","button_background_color":"","button_background_hover_color":"","button_hover_color":"","button_text_color":"","label_color":"","search_tabs_active_color":""},"form_background_color":"#FFFFFF","field_text_color":"#153048","search_tabs_typography_typography":"custom","search_tabs_typography_font_weight":"600","search_tabs_bg_color":"#FFA72A","tabs_margin":{"unit":"px","top":"0","right":"2","bottom":"0","left":"0","isLinked":false},"tabs_radius":{"unit":"px","top":"4","right":"4","bottom":"0","left":"0","isLinked":false},"button_background_color":"#FFA72A","button_typography_typography":"custom","button_typography_font_weight":"600","button_background_hover_color":"#FF9600","tabs_padding_mobile":{"unit":"px","top":"6","right":"15","bottom":"6","left":"15","isLinked":false},"label_color":"#153048","search_tabs_active_color":"#153048","button_text_color":"#FFFFFF","button_hover_color":"#FFFFFF"},"elements":[],"isInner":false,"widgetType":"houzez_elementor_search_builder","elType":"widget"}],"isInner":true,"elType":"column"}],"isInner":true,"elType":"section"}],"isInner":false,"elType":"column"}],"isInner":false,"elType":"section"},{"id":"15293765","settings":{"content_width":{"unit":"px","size":1130,"sizes":[]},"margin":{"unit":"px","top":"0","right":0,"bottom":"50","left":0,"isLinked":false},"animation":"fadeIn"},"elements":[{"id":"3aeab5b1","settings":{"_column_size":100,"_inline_size":null},"elements":[{"id":"708c79d4","settings":{"gap":"extended"},"elements":[{"id":"68dfa497","settings":{"_column_size":100,"_inline_size":null},"elements":[{"id":"7674c9f","settings":{"title":"Featured cities","typography_typography":"custom","__globals__":{"title_color":""},"typography_letter_spacing":{"unit":"px","size":-1,"sizes":[]},"align_mobile":"center","align":"left","typography_line_height":{"unit":"em","size":1.2,"sizes":[]},"typography_font_size":{"unit":"px","size":20,"sizes":[]},"title_color":"#153048"},"elements":[],"isInner":false,"widgetType":"heading","elType":"widget"}],"isInner":true,"elType":"column"}],"isInner":true,"elType":"section"},{"id":"46e68c6c","settings":{"structure":"40","gap":"extended"},"elements":[{"id":"58faf1ce","settings":{"_column_size":25,"_inline_size":null},"elements":[{"id":"7db94ced","settings":{"grid_data":"dynamic","more_text":"More Details","grid_taxonomy":"property_city","tax_city":"new-york","more_text_d":"More Details","properties_text":"Properties","property_text":"Property","grid_type":"grid-item-v2","grid_v1_height":{"unit":"%","size":100,"sizes":[]},"grid_item_margin":{"unit":"px","size":0,"sizes":[]},"grid_title_typography_typography":"custom","grid_title_typography_font_family":"","grid_title_typography_font_weight":"600","grid_title_typography_letter_spacing":{"unit":"px","size":-1,"sizes":[]},"grid_subtitle_typography_typography":"custom","grid_subtitle_typography_font_family":"","grid_subtitle_typography_font_weight":"400","_box_shadow_box_shadow_type":"yes","_box_shadow_box_shadow":{"horizontal":0,"vertical":40,"blur":40,"spread":0,"color":"rgba(0, 0, 0, 0.16)"},"__globals__":{"grid_title_color":"","grid_subtitle_color":""},"_animation":"fadeIn","_animation_delay":250,"grid_v2_height_mobile":{"unit":"%","size":60,"sizes":[]},"grid_item_margin_mobile":{"unit":"px","size":0,"sizes":[]},"grid_title_color":"#FFFFFF","grid_subtitle_color":"#FFFFFF"},"elements":[],"isInner":false,"widgetType":"Houzez_elementor_grid_builder","elType":"widget"}],"isInner":true,"elType":"column"},{"id":"6b0398","settings":{"_column_size":25,"_inline_size":null},"elements":[{"id":"61f0a139","settings":{"grid_data":"dynamic","more_text":"More Details","grid_taxonomy":"property_city","tax_city":"miami","more_text_d":"More Details","properties_text":"Properties","property_text":"Property","grid_type":"grid-item-v2","grid_v1_height":{"unit":"%","size":100,"sizes":[]},"grid_item_margin":{"unit":"px","size":0,"sizes":[]},"grid_title_typography_typography":"custom","grid_title_typography_font_family":"","grid_title_typography_font_weight":"600","grid_title_typography_letter_spacing":{"unit":"px","size":-1,"sizes":[]},"grid_subtitle_typography_typography":"custom","grid_subtitle_typography_font_family":"","grid_subtitle_typography_font_weight":"400","_box_shadow_box_shadow_type":"yes","_box_shadow_box_shadow":{"horizontal":0,"vertical":40,"blur":40,"spread":0,"color":"rgba(0, 0, 0, 0.16)"},"__globals__":{"grid_title_color":"globals\/colors?id=cf956c5","grid_subtitle_color":"globals\/colors?id=cf956c5"},"_animation":"fadeIn","_animation_delay":250,"grid_v2_height_mobile":{"unit":"%","size":60,"sizes":[]},"grid_item_margin_mobile":{"unit":"px","size":0,"sizes":[]}},"elements":[],"isInner":false,"widgetType":"Houzez_elementor_grid_builder","elType":"widget"}],"isInner":true,"elType":"column"},{"id":"39729431","settings":{"_column_size":25,"_inline_size":null},"elements":[{"id":"510d9a88","settings":{"grid_data":"dynamic","more_text":"More Details","grid_taxonomy":"property_city","tax_city":"chicago","more_text_d":"More Details","properties_text":"Properties","property_text":"Property","grid_type":"grid-item-v2","grid_v1_height":{"unit":"%","size":100,"sizes":[]},"grid_item_margin":{"unit":"px","size":0,"sizes":[]},"grid_title_typography_typography":"custom","grid_title_typography_font_family":"","grid_title_typography_font_weight":"600","grid_title_typography_letter_spacing":{"unit":"px","size":-1,"sizes":[]},"grid_subtitle_typography_typography":"custom","grid_subtitle_typography_font_family":"","grid_subtitle_typography_font_weight":"400","_box_shadow_box_shadow_type":"yes","_box_shadow_box_shadow":{"horizontal":0,"vertical":40,"blur":40,"spread":0,"color":"rgba(0, 0, 0, 0.16)"},"__globals__":{"grid_title_color":"globals\/colors?id=cf956c5","grid_subtitle_color":"globals\/colors?id=cf956c5"},"_animation":"fadeIn","_animation_delay":250,"grid_v2_height_mobile":{"unit":"%","size":60,"sizes":[]},"grid_item_margin_mobile":{"unit":"px","size":0,"sizes":[]}},"elements":[],"isInner":false,"widgetType":"Houzez_elementor_grid_builder","elType":"widget"}],"isInner":true,"elType":"column"},{"id":"2c748e33","settings":{"_column_size":25,"_inline_size":null},"elements":[{"id":"5a8115c6","settings":{"grid_data":"dynamic","more_text":"More Details","grid_taxonomy":"property_city","tax_city":"los-angeles","more_text_d":"More Details","properties_text":"Properties","property_text":"Property","grid_type":"grid-item-v2","grid_v1_height":{"unit":"%","size":100,"sizes":[]},"grid_item_margin":{"unit":"px","size":0,"sizes":[]},"grid_title_typography_typography":"custom","grid_title_typography_font_family":"","grid_title_typography_font_weight":"600","grid_title_typography_letter_spacing":{"unit":"px","size":-1,"sizes":[]},"grid_subtitle_typography_typography":"custom","grid_subtitle_typography_font_family":"","grid_subtitle_typography_font_weight":"400","_box_shadow_box_shadow_type":"yes","_box_shadow_box_shadow":{"horizontal":0,"vertical":40,"blur":40,"spread":0,"color":"rgba(0, 0, 0, 0.16)"},"__globals__":{"grid_title_color":"globals\/colors?id=cf956c5","grid_subtitle_color":"globals\/colors?id=cf956c5"},"_animation":"fadeIn","_animation_delay":250,"grid_v2_height_mobile":{"unit":"%","size":60,"sizes":[]},"grid_item_margin_mobile":{"unit":"px","size":0,"sizes":[]}},"elements":[],"isInner":false,"widgetType":"Houzez_elementor_grid_builder","elType":"widget"}],"isInner":true,"elType":"column"}],"isInner":true,"elType":"section"}],"isInner":false,"elType":"column"}],"isInner":false,"elType":"section"},{"id":"6f6114c","settings":{"margin":{"unit":"px","top":"0","right":0,"bottom":"50","left":0,"isLinked":false},"animation":"fadeIn"},"elements":[{"id":"52ebe607","settings":{"_column_size":100,"_inline_size":null},"elements":[{"id":"46c7a163","settings":{"gap":"extended"},"elements":[{"id":"51d4510b","settings":{"_column_size":100,"_inline_size":null},"elements":[{"id":"10202166","settings":{"title":"Featured  properties","typography_typography":"custom","__globals__":{"title_color":""},"typography_letter_spacing":{"unit":"px","size":-1,"sizes":[]},"align_mobile":"center","align":"left","typography_line_height":{"unit":"em","size":1.2,"sizes":[]},"typography_font_size":{"unit":"px","size":20,"sizes":[]},"title_color":"#153048"},"elements":[],"isInner":false,"widgetType":"heading","elType":"widget"}],"isInner":true,"elType":"column"}],"isInner":true,"elType":"section"},{"id":"2e2fcc79","settings":{"gap":"extended"},"elements":[{"id":"32d1b8ec","settings":{"_column_size":100,"_inline_size":null},"elements":[{"id":"61ee7925","settings":{"module_type":"list","sort_by":"featured_top","posts_limit":8,"property_type":["apartment","residential"],"property_status":[],"hz_property_title_typography":"custom","hz_property_title_font_size":{"unit":"px","size":18,"sizes":[]},"hz_property_title_letter_spacing":{"unit":"px","size":-0.5,"sizes":[]},"hz_prop_address_typography":"custom","hz_item_types_typography":"custom","hz_title_margin_bottom":{"unit":"px","size":0,"sizes":[]},"hz_address_margin_bottom":{"unit":"px","size":9,"sizes":[]},"hz_meta_icons":{"unit":"px","size":14,"sizes":[]},"grid_bg_color":"#FFFFFF","buttons_color":"#FFFFFF","title_color":"#000000","address_color":"#FFA72A","author_color":"#565656","__globals__":{"grid_bg_color":"","price_color":"","title_color":"","address_color":"","labels_color":"","buttons_color":"","author_color":""}},"elements":[],"isInner":false,"widgetType":"houzez_elementor_property-card-v1","elType":"widget"}],"isInner":true,"elType":"column"}],"isInner":true,"elType":"section"}],"isInner":false,"elType":"column"}],"isInner":false,"elType":"section"},{"id":"2cedcfb4","settings":{"background_background":"classic","margin":{"unit":"px","top":"0","right":0,"bottom":"0","left":0,"isLinked":false},"padding":{"unit":"px","top":"0","right":"0","bottom":"90","left":"0","isLinked":false},"__globals__":{"background_color":""},"animation":"fadeIn","overflow":"hidden"},"elements":[{"id":"26397ce1","settings":{"_column_size":100,"_inline_size":null},"elements":[{"id":"268e1824","settings":{"structure":"30","background_background":"classic","border_radius":{"unit":"px","top":"16","right":"16","bottom":"16","left":"16","isLinked":true},"box_shadow_box_shadow":{"horizontal":0,"vertical":40,"blur":80,"spread":0,"color":"rgba(0, 0, 0, 0.16)"},"padding":{"unit":"px","top":"53","right":"53","bottom":"53","left":"53","isLinked":true},"z_index":1,"__globals__":{"background_color":""},"overflow":"hidden","padding_mobile":{"unit":"px","top":"30","right":"30","bottom":"30","left":"30","isLinked":true},"background_color":"#153048"},"elements":[{"id":"285290ae","settings":{"_column_size":33,"_inline_size":36.332},"elements":[{"id":"5333c24d","settings":{"title":"Are you selling?","align":"left","typography_typography":"custom","typography_letter_spacing":{"unit":"px","size":0,"sizes":[]},"__globals__":{"title_color":""},"_animation":"none","_margin":{"unit":"px","top":"0","right":"0","bottom":"0","left":"0","isLinked":false},"header_size":"div","typography_font_size":{"unit":"px","size":14,"sizes":[]},"typography_font_weight":"600","typography_text_transform":"uppercase","typography_line_height":{"unit":"em","size":1.2,"sizes":[]},"title_color":"#FFA72A"},"elements":[],"isInner":false,"widgetType":"heading","elType":"widget"},{"id":"f1d4c51","settings":{"title":"We deliver accurate property valuation reports","align":"left","typography_typography":"custom","typography_letter_spacing":{"unit":"px","size":-1.5,"sizes":[]},"__globals__":{"title_color":""},"_animation":"none","_margin":{"unit":"px","top":"0","right":"0","bottom":"0","left":"0","isLinked":false},"typography_font_size":{"unit":"px","size":30,"sizes":[]},"typography_line_height":{"unit":"em","size":1.2,"sizes":[]},"_z_index_mobile":1,"title_color":"#FFFFFF"},"elements":[],"isInner":false,"widgetType":"heading","elType":"widget"}],"isInner":true,"elType":"column"},{"id":"43cc611","settings":{"_column_size":33,"_inline_size":12.963},"elements":[],"isInner":true,"elType":"column"},{"id":"194d45db","settings":{"_column_size":33,"_inline_size":50.037},"elements":[{"id":"19fa390e","settings":{"typography_typography":"custom","typography_font_size":{"unit":"px","size":15,"sizes":[]},"typography_line_height":{"unit":"em","size":1.6,"sizes":[]},"__globals__":{"text_color":""},"editor":"<p>Lorem ipsum dolor sit amet, consectetur adipiscing elit. Ut elit tellus, luctus nec ullamcorper mattis, pulvinar sed do eiusmod tempor.<\/p>","text_color":"#C0D4E6","_margin":{"unit":"px","top":"0","right":"70","bottom":"0","left":"0","isLinked":false},"_z_index_mobile":2},"elements":[],"isInner":false,"widgetType":"text-editor","elType":"widget"},{"id":"71c1662","settings":{"text":"Request a valuation","size":"md","typography_typography":"custom","typography_font_weight":"500","button_text_color":"#FFFFFF","background_color":"#FFA72A","button_box_shadow_box_shadow_type":"yes","button_box_shadow_box_shadow":{"horizontal":0,"vertical":20,"blur":40,"spread":0,"color":"rgba(0, 0, 0, 0.16)"},"__globals__":{"button_text_color":"","background_color":"","hover_color":""},"button_background_hover_color":"#FF7800","link":{"url":"https:\/\/demo20.houzez.co\/inquiry-form\/","is_external":"","nofollow":"","custom_attributes":""},"align_mobile":"justify","_z_index_mobile":3,"hover_color":"#FFFFFF"},"elements":[],"isInner":false,"widgetType":"button","elType":"widget"},{"id":"4c28e9c","settings":{"image":{"url":"https:\/\/demo20.houzez.co\/wp-content\/uploads\/2021\/04\/agent-isolated-2.png","id":17856},"image_size":"custom","image_custom_dimension":{"width":"300","height":"350"},"_position":"absolute","_offset_x":{"size":260,"unit":"px"},"_offset_y":{"size":-103,"unit":"px"},"_animation":"fadeInRight","_animation_delay":300,"width_mobile":{"unit":"%","size":87,"sizes":[]},"_z_index_mobile":1,"_offset_orientation_h":"end","_offset_x_mobile":{"size":21.878,"unit":"%"},"_offset_x_end_mobile":{"unit":"%","size":-41,"sizes":[]},"_offset_orientation_v":"end","_offset_y_mobile":{"size":19.503,"unit":"%"},"_offset_y_end_mobile":{"unit":"px","size":-30,"sizes":[]},"_offset_x_end":{"size":-51,"unit":"%"},"_offset_y_end":{"size":-54,"unit":"px"}},"elements":[],"isInner":false,"widgetType":"image","elType":"widget"}],"isInner":true,"elType":"column"}],"isInner":true,"elType":"section"}],"isInner":false,"elType":"column"}],"isInner":false,"elType":"section"}],"page_settings":[],"version":"0.4","title":"Demo 20 &#8211; Properties","type":"page"}