{"content":[{"id":"3969a83e","settings":{"content_width":{"unit":"px","size":720,"sizes":[]},"background_background":"classic","background_image":{"url":"https:\/\/demo20.houzez.co\/wp-content\/uploads\/2020\/03\/205.jpg","id":17330},"background_position":"center center","background_repeat":"no-repeat","background_size":"cover","background_overlay_background":"classic","background_overlay_color":"#D4F1FF","__globals__":{"background_overlay_color":""}},"elements":[{"id":"2a8845d7","settings":{"_column_size":100,"_inline_size":null},"elements":[{"id":"6c879a69","settings":[],"elements":[],"isInner":false,"widgetType":"houzez_elementor_space","elType":"widget"},{"id":"7e10e6a4","settings":{"gap":"no","background_background":"classic","background_color":"#FFFFFF","border_radius":{"unit":"px","top":"6","right":"6","bottom":"6","left":"6","isLinked":true},"box_shadow_box_shadow_type":"yes","box_shadow_box_shadow":{"horizontal":0,"vertical":20,"blur":40,"spread":0,"color":"rgba(0, 0, 0, 0.1)"},"padding":{"unit":"px","top":"50","right":"50","bottom":"30","left":"50","isLinked":false},"animation":"fadeIn","animation_duration":"slow"},"elements":[{"id":"379c39a6","settings":{"_column_size":100,"_inline_size":null,"space_between_widgets":0},"elements":[{"id":"744955dd","settings":{"editor":"<h3>Custom Inquiry Form<\/h3><p>The Inquiry Form widget allows you to design unique forms to capture your leads. <strong>This form automatically connects with the integrated Houzez CRM<\/strong> and your email inbox to keep everything on track.<\/p>","typography_typography":"custom","typography_font_size":{"unit":"px","size":17,"sizes":[]},"typography_line_height":{"unit":"em","size":1.7,"sizes":[]},"_background_color":"#FFFFFF","_margin":{"unit":"px","top":"0","right":"0","bottom":"30","left":"0","isLinked":false},"__globals__":{"text_color":""}},"elements":[],"isInner":false,"widgetType":"text-editor","elType":"widget"},{"id":"2140baa9","settings":{"form_name":"New Form","form_fields":[{"field_type":"enquiry_type","field_label":"Inquiry Type","placeholder":"Select","required":"true","_id":"ba6c34c"},{"field_type":"user_type","field_label":"Information","placeholder":"I'm a ","required":"true","field_options":"I'm a real estate agent\nI'm a property owner","_id":"b7fe77d"},{"field_type":"first_name","placeholder":"First Name","required":"true","width":"50","_id":"cc6b92f"},{"field_type":"last_name","placeholder":"Last Name","width":"50","_id":"3cc124e"},{"field_type":"email","placeholder":"Email Address","required":"true","width":"50","_id":"932d82c"},{"field_type":"mobile","placeholder":"Mobile","required":"true","width":"50","_id":"304b68f"},{"field_type":"e_meta[city]","field_label":"Location","placeholder":"Select City","required":"true","width":"33","_id":"bf1d035"},{"field_type":"e_meta[area]","field_label":"&nbsp;","placeholder":"Select Area","required":"true","width":"33","_id":"d2cd125"},{"field_type":"e_meta[state]","field_label":"&nbsp;","placeholder":"Select State","required":"true","width":"33","_id":"9ed83fe"},{"field_type":"e_meta[country]","placeholder":"Select Country","required":"true","width":"50","_id":"28a8adb"},{"field_type":"e_meta[zipcode]","placeholder":"Zip Code","required":"true","width":"50","_id":"f0ee6fc"},{"field_type":"e_meta[property_type]","field_label":"Property","placeholder":"Select type","required":"true","_id":"3180222"},{"field_type":"e_meta[price]","placeholder":"Max price","required":"true","width":"50","_id":"c549d17"},{"field_type":"e_meta[area-size]","placeholder":"Minimum size (Sq Ft)","required":"true","width":"50","_id":"e08cbcb"},{"field_type":"e_meta[beds]","placeholder":"Number of beds","required":"true","width":"50","_id":"66cc0de"},{"field_type":"e_meta[baths]","placeholder":"Number of baths","required":"true","width":"50","_id":"dea086f"},{"field_type":"message","field_label":"Message","_id":"95c61a9"}],"input_size":"md","button_text":"Submit","button_size":"md","email_to":"hello@favethemes.com","email_subject":"New message from &quot;Houzez 01&quot;","field_border_width":{"unit":"px","top":"2","right":"2","bottom":"2","left":"2","isLinked":true},"_background_color":"#FFFFFF","gdpr_agreement":"yes","gdpr_label":"GDPR Agreement","gdpr_text":"I consent to having this website store my submitted information","gdpr_required":"true","con_google_recaptcha":"yes","button_text_color":"#FFFFFF","__globals__":{"button_text_color":"globals\/colors?id=cf956c5","field_text_color":"","button_background_color":"globals\/colors?id=5a7c219","button_background_hover_color":"","button_hover_color":"globals\/colors?id=cf956c5"},"button_background_color":"#FFA72A","button_background_hover_color":"#FF9600"},"elements":[],"isInner":false,"widgetType":"houzez_elementor_inquiry_form","elType":"widget"}],"isInner":true,"elType":"column"}],"isInner":true,"elType":"section"},{"id":"5eb25e19","settings":[],"elements":[],"isInner":false,"widgetType":"spacer","elType":"widget"}],"isInner":false,"elType":"column"}],"isInner":false,"elType":"section"}],"page_settings":[],"version":"0.4","title":"Demo 20 &#8211; Inquiry form","type":"page"}