{"version":"0.4","title":"Demo 07 &#8211; Contact us","type":"page","content":[{"id":"6ccec1d7","settings":[],"elements":[{"id":"53665ca","settings":{"_column_size":100,"_inline_size":null},"elements":[{"id":"748236e3","settings":{"height":{"unit":"px","size":30,"sizes":[]}},"elements":[],"isInner":false,"widgetType":"houzez_elementor_space","elType":"widget"}],"isInner":false,"elType":"column"}],"isInner":false,"elType":"section"},{"id":"11122b38","settings":{"content_position":"top","structure":"32","animation":"fadeIn","animation_duration":"slow"},"elements":[{"id":"7654806e","settings":{"_column_size":50,"_inline_size":67,"space_between_widgets":0,"background_background":"classic"},"elements":[{"id":"6905cea6","settings":{"address":"new york","css_filters_css_filter":"custom","css_filters_contrast":{"unit":"px","size":113,"sizes":[]},"css_filters_saturate":{"unit":"px","size":0,"sizes":[]},"zoom":{"unit":"px","size":12,"sizes":[]}},"elements":[],"isInner":false,"widgetType":"google_maps","elType":"widget"},{"id":"2cf1881a","settings":{"editor":"<p>Design your custom contact forms with this Houzez Elementor custom widget and connect your leads with the integrated Houzez CRM.<\/p>","typography_typography":"custom","typography_font_size":{"unit":"px","size":17,"sizes":[]},"typography_line_height":{"unit":"em","size":1.7,"sizes":[]},"_padding":{"unit":"px","top":"50","right":"50","bottom":"1","left":"50","isLinked":false},"_background_background":"classic","_background_color":"#FFFFFF"},"elements":[],"isInner":false,"widgetType":"text-editor","elType":"widget"},{"id":"518824ab","settings":{"form_name":"New Form","form_fields":[{"_id":"name","field_type":"first_name","field_label":"First Name","placeholder":"Enter your name","width":"50","required":"true","field_options":"","width_tablet":"","width_mobile":"","rows":4},{"field_type":"last_name","field_label":"Last Name","placeholder":"Enter your last name","width":"50","required":"true","field_options":"","width_tablet":"","width_mobile":"","rows":4,"_id":"bf18955"},{"_id":"email","field_type":"email","required":"true","field_label":"Email","placeholder":"Email","width":"100","field_options":"","width_tablet":"","width_mobile":"","rows":4},{"_id":"message","field_type":"message","field_label":"Message","placeholder":"Message","width":"100","required":"true","field_options":"","width_tablet":"","width_mobile":"","rows":4}],"button_text":"Submit","email_to":"hello@favethemes.com","email_subject":"New message from &quot;Houzez 01&quot;","_padding":{"unit":"px","top":"20","right":"50","bottom":"50","left":"50","isLinked":false},"_background_background":"classic","_background_color":"#FFFFFF","mark_required":"yes","column_gap":{"unit":"px","size":20,"sizes":[]},"label_typography_typography":"custom","label_typography_font_weight":"500","button_background_color":"#FF6E00"},"elements":[],"isInner":false,"widgetType":"houzez_elementor_contact_form","elType":"widget"}],"isInner":false,"elType":"column"},{"id":"76c176ca","settings":{"_column_size":25,"_inline_size":3},"elements":[],"isInner":false,"elType":"column"},{"id":"19f8633","settings":{"_column_size":25,"_inline_size":30,"background_color":"#FFFFFF","space_between_widgets":25,"margin":{"unit":"px","top":"0","right":"0","bottom":"0","left":"0","isLinked":true}},"elements":[{"id":"93bbb85","settings":{"editor":"<p class=\"padding-top\"><strong>For inquiries<\/strong><strong>\u00a0contact:<\/strong><\/p><p><strong>Amy Miller<\/strong><br \/>Public Relations Manager<br \/>774 NE 84th St Miami, FL 33879<br \/>amy.miller@houzez.com<\/p><p><strong>Kyle Parker<\/strong><br \/>Public Relations Associated<br \/>774 NE 84th St Miami, FL 33879<br \/>kyle.parker@houzez.com<\/p>","_padding":{"unit":"px","top":"30","right":"30","bottom":"15","left":"30","isLinked":false},"_background_background":"classic","_background_color":"#FFFFFF"},"elements":[],"isInner":false,"widgetType":"text-editor","elType":"widget"},{"id":"5830990c","settings":{"editor":"<p class=\"padding-top\"><strong>Corporate Headquarters<\/strong><br \/>1584\u00a0Biscayne\u00a0Boulevard<br \/>Miami FL, 33176<\/p>","_padding":{"unit":"px","top":"30","right":"30","bottom":"15","left":"30","isLinked":false},"_background_background":"classic","_background_color":"#FFFFFF"},"elements":[],"isInner":false,"widgetType":"text-editor","elType":"widget"}],"isInner":false,"elType":"column"}],"isInner":false,"elType":"section"},{"id":"439cba51","settings":[],"elements":[{"id":"678884cd","settings":{"_column_size":100,"_inline_size":null},"elements":[{"id":"63175da","settings":[],"elements":[],"isInner":false,"widgetType":"spacer","elType":"widget"}],"isInner":false,"elType":"column"}],"isInner":false,"elType":"section"}]}