{"version":"0.4","title":"Demo 01 &#8211; Homepage","type":"page","content":[{"id":"3548c3bc","settings":{"stretch_section":"section-stretched","height":"min-height","custom_height":{"unit":"px","size":600,"sizes":[]},"background_background":"classic","background_image":{"url":"https:\/\/demo01.houzez.co\/wp-content\/uploads\/2016\/03\/miami-beach.jpg","id":263},"background_position":"center center","background_repeat":"no-repeat","background_size":"cover","background_overlay_background":"classic","background_overlay_color":"#002E51","background_overlay_opacity":{"unit":"px","size":0.7,"sizes":[]},"overlay_blend_mode":"multiply"},"elements":[{"id":"3de77e70","settings":{"_column_size":100,"_inline_size":null},"elements":[{"id":"4c2d85bf","settings":{"structure":"34"},"elements":[{"id":"73275945","settings":{"_column_size":16,"_inline_size":null},"elements":[],"isInner":true,"elType":"column"},{"id":"29477cb0","settings":{"_column_size":66,"_inline_size":null},"elements":[{"id":"217c70ef","settings":{"hz_section_title":"Welcome To Houzez","hz_section_subtitle":"Houzez is an innovative real estate WordPress theme that helps to ensure your website\u2019s success in this super-competitive market.","section_title_typography_typography":"custom","section_title_typography_font_size":{"unit":"px","size":42,"sizes":[]},"section_title_typography_font_weight":"300","section_subtitle_typography_typography":"custom","section_subtitle_typography_font_size":{"unit":"px","size":20,"sizes":[]},"section_subtitle_typography_line_height":{"unit":"em","size":1.5,"sizes":[]},"houzez_section_title_color":"#FFFFFF","houzez_section_subtitle_color":"#FFFFFF","_animation":"fadeIn","animation_duration":"slow"},"elements":[],"isInner":false,"widgetType":"houzez_elementor_section_title","elType":"widget"}],"isInner":true,"elType":"column"},{"id":"29b995b1","settings":{"_column_size":16,"_inline_size":null},"elements":[],"isInner":true,"elType":"column"}],"isInner":true,"elType":"section"}],"isInner":false,"elType":"column"}],"isInner":false,"elType":"section"},{"id":"3b2ccebf","settings":{"houzez_search_form":"yes","content_width":{"unit":"px","size":1000,"sizes":[]},"margin":{"unit":"px","top":"-127","right":0,"bottom":"0","left":0,"isLinked":false}},"elements":[{"id":"9c5d95e","settings":{"_column_size":100,"_inline_size":null,"space_between_widgets":0},"elements":[{"id":"7762e074","settings":{"form_fields":[{"_id":"field-types","field_type":"type[]","field_label":"Looking for","placeholder":"Property Type","is_multiple":"true","select_all_btns":"true","selected_count_text":"types selected","width":"20","width_mobile":"100","radius_from":"1","radius_to":"100","radius_default":"32","price_from_text":"From","price_to_text":"To","width_tablet":"","slider_width":{"unit":"px","size":50,"sizes":[]},"slider_width_tablet":{"unit":"px","size":"","sizes":[]},"slider_width_mobile":{"unit":"px","size":"","sizes":[]},"hidden_desktop":"","hidden_tablet":"","hidden_phone":"","data_live_search":""},{"field_type":"location[]","field_label":"Location","placeholder":"All Citites","radius_from":"1","radius_to":"100","radius_default":"32","price_from_text":"From","price_to_text":"To","width":"20","width_tablet":"","width_mobile":"","slider_width":{"unit":"px","size":50,"sizes":[]},"slider_width_tablet":{"unit":"px","size":"","sizes":[]},"slider_width_mobile":{"unit":"px","size":"","sizes":[]},"is_multiple":"","select_all_btns":"false","selected_count_text":"items selected","hidden_desktop":"","hidden_tablet":"","hidden_phone":"","_id":"6b0017d","data_live_search":""},{"_id":"field-beds","field_type":"bedrooms","field_label":"Property Size","placeholder":"Bedrooms","width":"20","width_mobile":"100","radius_from":"1","radius_to":"100","radius_default":"32","price_from_text":"From","price_to_text":"To","width_tablet":"","slider_width":{"unit":"px","size":50,"sizes":[]},"slider_width_tablet":{"unit":"px","size":"","sizes":[]},"slider_width_mobile":{"unit":"px","size":"","sizes":[]},"is_multiple":"","select_all_btns":"false","selected_count_text":"items selected","hidden_desktop":"","hidden_tablet":"","hidden_phone":"","data_live_search":""},{"_id":"field-max-price","field_type":"max-price","field_label":"Your budget","placeholder":"Max. Price","width":"20","width_mobile":"100","radius_from":"1","radius_to":"100","radius_default":"32","price_from_text":"From","price_to_text":"To","width_tablet":"","slider_width":{"unit":"px","size":50,"sizes":[]},"slider_width_tablet":{"unit":"px","size":"","sizes":[]},"slider_width_mobile":{"unit":"px","size":"","sizes":[]},"is_multiple":"","select_all_btns":"false","selected_count_text":"items selected","hidden_desktop":"","hidden_tablet":"","hidden_phone":"","data_live_search":""},{"_id":"field-search-btn","field_type":"search-button","field_label":"Search Button","placeholder":"Search","width":"20","radius_from":"1","radius_to":"100","radius_default":"32","price_from_text":"From","price_to_text":"To","width_tablet":"","width_mobile":"","slider_width":{"unit":"px","size":50,"sizes":[]},"slider_width_tablet":{"unit":"px","size":"","sizes":[]},"slider_width_mobile":{"unit":"px","size":"","sizes":[]},"is_multiple":"","select_all_btns":"false","selected_count_text":"items selected","hidden_desktop":"","hidden_tablet":"","hidden_phone":"","data_live_search":""}],"show_tabs":"yes","status_data":["for-rent","for-sale"],"tabs_all_text":"All Status","tabs_padding":{"unit":"px","top":"10","right":"21","bottom":"10","left":"25","isLinked":false},"show_labels":"true","form_background_color":"#FFFFFF","form_padding":{"unit":"px","top":"30","right":"30","bottom":"30","left":"30","isLinked":true},"label_color":"#000000","label_typography_typography":"custom","label_typography_font_size":{"unit":"px","size":12,"sizes":[]},"label_typography_font_weight":"500","label_typography_text_transform":"uppercase","form_radius":{"unit":"px","top":"4","right":"4","bottom":"4","left":"4","isLinked":true},"box_shadow_box_shadow_type":"yes","box_shadow_box_shadow":{"horizontal":0,"vertical":20,"blur":40,"spread":0,"color":"rgba(0, 0, 0, 0.1)"},"search_tabs_bg_color":"rgba(0, 174, 255, 0.56)","tabs_margin":{"unit":"px","top":"0","right":"1","bottom":"0","left":"1","isLinked":false},"form_padding_tablet":{"unit":"px","top":"20","right":"20","bottom":"20","left":"20","isLinked":true},"field_background_color":"#FFFFFF"},"elements":[],"isInner":false,"widgetType":"houzez_elementor_search_builder","elType":"widget"}],"isInner":false,"elType":"column"}],"isInner":false,"elType":"section"},{"id":"95cb87b","settings":{"custom_height":{"unit":"px","size":760,"sizes":[]},"content_position":"middle","background_color":"#FFFFFF","background_position":"center center","background_repeat":"no-repeat","background_size":"cover","background_overlay_background":"classic","background_overlay_opacity":{"unit":"px","size":0.97,"sizes":[]},"css_filters_blur":{"unit":"px","size":5,"sizes":[]},"stretch_section":"section-stretched","layout":"full_width","gap":"wide"},"elements":[{"id":"716c0be7","settings":{"_column_size":100,"_inline_size":null},"elements":[{"id":"48b62636","settings":{"height":{"unit":"px","size":30,"sizes":[]}},"elements":[],"isInner":false,"widgetType":"houzez_elementor_space","elType":"widget"},{"id":"76197d58","settings":{"content_width":{"unit":"px","size":1280,"sizes":[]}},"elements":[{"id":"593fe666","settings":{"_column_size":100,"_inline_size":null},"elements":[{"id":"26920a0e","settings":{"hz_section_title":"Discover Our Featured Listings","section_title_typography_typography":"custom","section_title_typography_font_size":{"unit":"px","size":35,"sizes":[]},"section_title_typography_font_weight":"300","section_subtitle_typography_typography":"custom","houzez_section_title_margin_bottom":{"unit":"px","size":20,"sizes":[]},"_animation":"fadeIn","animation_duration":"slow","hz_section_subtitle":"Lorem ipsum dolor sit amet, consectetur adipisicing elit","houzez_section_title_color":"#000000","houzez_section_subtitle_color":"#7A7A7A","section_title_typography_font_size_mobile":{"unit":"px","size":25,"sizes":[]},"section_subtitle_typography_font_size_mobile":{"unit":"px","size":16,"sizes":[]}},"elements":[],"isInner":false,"widgetType":"houzez_elementor_section_title","elType":"widget"},{"id":"331ae1bb","settings":{"slide_auto":"true","auto_speed":"3000","property_type":["apartment","studio"],"featured_prop":"yes","hide_button":"none","hz_property_title_typography":"custom","hz_property_title_font_weight":"400","hz_item_price_typography":"custom","hz_item_price_font_size":{"unit":"px","size":18,"sizes":[]},"hz_item_price_font_weight":"400","hz_item_subprice_typography":"custom","hz_item_subprice_font_weight":"300","np_bg_color":"rgba(0, 0, 0, 0.15)","np_color":"#FFFFFF","np_bg_color_hover":"#00AEFF","sort_by":"featured_top"},"elements":[],"isInner":false,"widgetType":"houzez_elementor_properties_carousel_v2","elType":"widget"}],"isInner":true,"elType":"column"}],"isInner":true,"elType":"section"},{"id":"70f6a718","settings":[],"elements":[],"isInner":false,"widgetType":"spacer","elType":"widget"}],"isInner":false,"elType":"column"}],"isInner":false,"elType":"section"},{"id":"5d0fb56f","settings":{"custom_height":{"unit":"px","size":760,"sizes":[]},"content_position":"middle","background_color":"#FFFFFF","background_position":"center left","background_repeat":"no-repeat","background_overlay_color":"#FFFFFF","background_overlay_opacity":{"unit":"px","size":0.9,"sizes":[]},"css_filters_blur":{"unit":"px","size":5,"sizes":[]},"stretch_section":"section-stretched","layout":"full_width","gap":"wider","background_background":"classic","background_image":{"url":"https:\/\/demo01.houzez.co\/wp-content\/uploads\/2020\/02\/bg-marker-left.jpg","id":16493}},"elements":[{"id":"752b1fd5","settings":{"_column_size":100,"_inline_size":null},"elements":[{"id":"31a9172a","settings":{"height":{"unit":"px","size":70,"sizes":[]}},"elements":[],"isInner":false,"widgetType":"houzez_elementor_space","elType":"widget"},{"id":"d47926","settings":{"gap":"extended","structure":"30","content_position":"middle","content_width":{"unit":"px","size":920,"sizes":[]}},"elements":[{"id":"7352bd7b","settings":{"_column_size":33,"_inline_size":null,"space_between_widgets":30,"content_position":"bottom"},"elements":[{"id":"52ca7218","settings":{"hz_section_title":"Residential ","hz_section_subtitle":"Lorem ipsum dolor sit amet, consectetur adipiscing elit, sed do eiusmod tempor incidi dunt ","section_title_typography_typography":"custom","section_title_typography_font_size":{"unit":"px","size":28,"sizes":[]},"section_title_typography_font_weight":"300","section_subtitle_typography_typography":"custom","houzez_section_title_align":"left","section_subtitle_typography_line_height":{"unit":"em","size":1.7,"sizes":[]},"houzez_section_title_color":"#000000","houzez_section_subtitle_color":"#7A7A7A","homey_main_title_spacing":{"unit":"px","size":10,"sizes":[]},"homey_subtitle_spacing":{"unit":"px","size":30,"sizes":[]},"_animation":"fadeIn","animation_duration":"slow"},"elements":[],"isInner":false,"widgetType":"houzez_elementor_section_title","elType":"widget"},{"id":"5f1fbfb0","settings":{"width":{"unit":"%","size":30,"sizes":[]},"text":"Divider","color":"#000000"},"elements":[],"isInner":false,"widgetType":"divider","elType":"widget"},{"id":"3fee6385","settings":{"grid_data":"dynamic","more_text":"More Details","tax_type":"apartment","more_text_d":"More Details","grid_title_typography_typography":"custom","grid_subtitle_typography_typography":"custom","_animation":"fadeIn","animation_duration":"slow","grid_padding":{"unit":"px","size":30,"sizes":[]},"_box_shadow_box_shadow_type":"yes","_box_shadow_box_shadow":{"horizontal":0,"vertical":10,"blur":20,"spread":0,"color":"rgba(0, 0, 0, 0.1)"},"grid_image_size":"large","grid_item_margin":{"unit":"px","size":30,"sizes":[]},"grid_type":"grid-item-v2"},"elements":[],"isInner":false,"widgetType":"Houzez_elementor_grid_builder","elType":"widget"}],"isInner":true,"elType":"column"},{"id":"7196f79e","settings":{"_column_size":33,"_inline_size":null,"space_between_widgets":30},"elements":[{"id":"1cf722dc","settings":{"grid_data":"dynamic","more_text":"More Details","tax_type":"studio","more_text_d":"More Details","grid_title_typography_typography":"custom","grid_subtitle_typography_typography":"custom","_animation":"fadeIn","animation_duration":"slow","grid_padding":{"unit":"px","size":30,"sizes":[]},"_box_shadow_box_shadow_type":"yes","_box_shadow_box_shadow":{"horizontal":0,"vertical":10,"blur":20,"spread":0,"color":"rgba(0, 0, 0, 0.1)"},"grid_image_size":"large","grid_item_margin":{"unit":"px","size":30,"sizes":[]},"grid_type":"grid-item-v3"},"elements":[],"isInner":false,"widgetType":"Houzez_elementor_grid_builder","elType":"widget"}],"isInner":true,"elType":"column"},{"id":"661f0c6","settings":{"_column_size":33,"_inline_size":null,"content_position":"bottom"},"elements":[{"id":"8000b0b","settings":{"grid_data":"dynamic","more_text":"More Details","tax_type":"single-family-home","more_text_d":"More Details","grid_title_typography_typography":"custom","grid_subtitle_typography_typography":"custom","_animation":"fadeIn","animation_duration":"slow","grid_padding":{"unit":"px","size":30,"sizes":[]},"_box_shadow_box_shadow_type":"yes","_box_shadow_box_shadow":{"horizontal":0,"vertical":10,"blur":20,"spread":0,"color":"rgba(0, 0, 0, 0.1)"},"grid_image_size":"large","grid_item_margin":{"unit":"px","size":30,"sizes":[]},"grid_type":"grid-item-v2"},"elements":[],"isInner":false,"widgetType":"Houzez_elementor_grid_builder","elType":"widget"},{"id":"4d86a4b4","settings":{"grid_data":"dynamic","more_text":"More Details","tax_type":"villa","more_text_d":"More Details","grid_title_typography_typography":"custom","grid_subtitle_typography_typography":"custom","_animation":"fadeIn","animation_duration":"slow","grid_padding":{"unit":"px","size":30,"sizes":[]},"_box_shadow_box_shadow_type":"yes","_box_shadow_box_shadow":{"horizontal":0,"vertical":10,"blur":20,"spread":0,"color":"rgba(0, 0, 0, 0.1)"},"grid_image_size":"large","grid_item_margin":{"unit":"px","size":30,"sizes":[]},"grid_type":"grid-item-v2"},"elements":[],"isInner":false,"widgetType":"Houzez_elementor_grid_builder","elType":"widget"}],"isInner":true,"elType":"column"}],"isInner":true,"elType":"section"},{"id":"5349dc10","settings":{"gap":"extended","structure":"30","content_position":"middle","content_width":{"unit":"px","size":920,"sizes":[]},"margin":{"unit":"px","top":"-27","right":0,"bottom":"0","left":0,"isLinked":false}},"elements":[{"id":"73fbd26b","settings":{"_column_size":33,"_inline_size":null,"space_between_widgets":30,"content_position":"bottom"},"elements":[{"id":"101e48b2","settings":{"hz_section_title":"Commercial ","hz_section_subtitle":"Lorem ipsum dolor sit amet, consectetur adipiscing elit, sed do eiusmod tempor incidi dunt ","section_title_typography_typography":"custom","section_title_typography_font_size":{"unit":"px","size":28,"sizes":[]},"section_title_typography_font_weight":"300","section_subtitle_typography_typography":"custom","houzez_section_title_align":"left","section_subtitle_typography_line_height":{"unit":"em","size":1.7,"sizes":[]},"houzez_section_title_color":"#000000","houzez_section_subtitle_color":"#7A7A7A","homey_main_title_spacing":{"unit":"px","size":10,"sizes":[]},"homey_subtitle_spacing":{"unit":"px","size":30,"sizes":[]},"_animation":"fadeIn","animation_duration":"slow"},"elements":[],"isInner":false,"widgetType":"houzez_elementor_section_title","elType":"widget"},{"id":"6c1ae0f0","settings":{"width":{"unit":"%","size":30,"sizes":[]},"text":"Divider","color":"#000000"},"elements":[],"isInner":false,"widgetType":"divider","elType":"widget"}],"isInner":true,"elType":"column"},{"id":"15625da0","settings":{"_column_size":33,"_inline_size":null,"space_between_widgets":30},"elements":[{"id":"319ab9a1","settings":{"grid_data":"dynamic","more_text":"More Details","tax_type":"office","more_text_d":"More Details","grid_title_typography_typography":"custom","grid_subtitle_typography_typography":"custom","_animation":"fadeIn","animation_duration":"slow","grid_padding":{"unit":"px","size":30,"sizes":[]},"_box_shadow_box_shadow_type":"yes","_box_shadow_box_shadow":{"horizontal":0,"vertical":10,"blur":20,"spread":0,"color":"rgba(0, 0, 0, 0.1)"},"grid_type":"grid-item-v2","grid_image_size":"large"},"elements":[],"isInner":false,"widgetType":"Houzez_elementor_grid_builder","elType":"widget"}],"isInner":true,"elType":"column"},{"id":"7dc83f60","settings":{"_column_size":33,"_inline_size":null},"elements":[{"id":"1db5681c","settings":{"grid_data":"dynamic","more_text":"More Details","tax_type":"shop","more_text_d":"More Details","grid_title_typography_typography":"custom","grid_subtitle_typography_typography":"custom","_animation":"fadeIn","animation_duration":"slow","grid_padding":{"unit":"px","size":30,"sizes":[]},"_box_shadow_box_shadow_type":"yes","_box_shadow_box_shadow":{"horizontal":0,"vertical":10,"blur":20,"spread":0,"color":"rgba(0, 0, 0, 0.1)"},"grid_type":"grid-item-v2","grid_image_size":"large"},"elements":[],"isInner":false,"widgetType":"Houzez_elementor_grid_builder","elType":"widget"}],"isInner":true,"elType":"column"}],"isInner":true,"elType":"section"},{"id":"52fe2bd9","settings":{"height":{"unit":"px","size":70,"sizes":[]}},"elements":[],"isInner":false,"widgetType":"houzez_elementor_space","elType":"widget"}],"isInner":false,"elType":"column"}],"isInner":false,"elType":"section"},{"id":"5cd3c544","settings":{"custom_height":{"unit":"px","size":760,"sizes":[]},"content_position":"bottom","background_color":"#FFFFFF","background_position":"center left","background_repeat":"repeat","background_size":"cover","background_overlay_background":"classic","css_filters_blur":{"unit":"px","size":2,"sizes":[]},"stretch_section":"section-stretched","gap":"no","background_background":"classic","background_bg_width":{"unit":"%","size":15,"sizes":[]},"background_image":{"url":"https:\/\/demo01.houzez.co\/wp-content\/uploads\/2016\/03\/205.jpg","id":16175},"background_overlay_color":"#00335A","background_attachment":"fixed","content_width":{"unit":"px","size":1280,"sizes":[]},"height":"min-height","background_overlay_color_stop":{"unit":"%","size":76,"sizes":[]},"background_overlay_color_b":"rgba(242, 41, 91, 0)","background_overlay_color_b_stop":{"unit":"%","size":76,"sizes":[]},"background_overlay_gradient_angle":{"unit":"deg","size":90,"sizes":[]},"background_overlay_opacity":{"unit":"px","size":0.85,"sizes":[]},"padding":{"unit":"px","top":"50","right":"0","bottom":"50","left":"0","isLinked":false}},"elements":[{"id":"577eec1d","settings":{"_column_size":100,"_inline_size":null},"elements":[{"id":"e2afa98","settings":{"height":{"unit":"px","size":70,"sizes":[]}},"elements":[],"isInner":false,"widgetType":"houzez_elementor_space","elType":"widget"},{"id":"4cb57c91","settings":{"gap":"wider","structure":"30","layout":"full_width"},"elements":[{"id":"323c836b","settings":{"_column_size":33,"_inline_size":30,"content_position":"center"},"elements":[{"id":"3de1460b","settings":{"hz_section_title":"Why Houzez Is The Perfect Choice?","section_title_typography_typography":"custom","section_title_typography_font_size":{"unit":"px","size":31,"sizes":[]},"section_title_typography_font_weight":"300","section_subtitle_typography_typography":"custom","houzez_section_title_align":"left","section_subtitle_typography_line_height":{"unit":"em","size":1.5,"sizes":[]},"houzez_section_title_color":"#FFFFFF","houzez_section_subtitle_color":"#7A7A7A","homey_main_title_spacing":{"unit":"px","size":15,"sizes":[]},"_animation":"fadeIn","animation_duration":"slow","section_title_typography_line_height":{"unit":"em","size":1.6,"sizes":[]},"_offset_x":{"size":0,"unit":"px"},"_offset_y":{"size":58,"unit":"px"},"houzez_section_title_margin_bottom":{"unit":"px","size":50,"sizes":[]}},"elements":[],"isInner":false,"widgetType":"houzez_elementor_section_title","elType":"widget"},{"id":"3a1bf7d","settings":{"width":{"unit":"%","size":30,"sizes":[]},"text":"Divider","color":"rgba(255, 255, 255, 0.35)"},"elements":[],"isInner":false,"widgetType":"divider","elType":"widget"},{"id":"4145dc53","settings":{"title":"01.","header_size":"div","title_color":"#FFFFFF","typography_typography":"custom","typography_font_family":"Noto Serif JP","typography_font_size":{"unit":"px","size":40,"sizes":[]},"typography_font_weight":"300","_animation":"fadeIn","animation_duration":"slow"},"elements":[],"isInner":false,"widgetType":"heading","elType":"widget"},{"id":"17212c71","settings":{"hz_section_title":"Suitable For Agents And Agencies","hz_section_subtitle":"Never miss a sale! It's never been easier to turn leads into real customers","section_title_typography_typography":"custom","section_title_typography_font_size":{"unit":"px","size":25,"sizes":[]},"section_title_typography_font_weight":"300","section_subtitle_typography_typography":"custom","houzez_section_title_align":"left","section_subtitle_typography_line_height":{"unit":"em","size":1.5,"sizes":[]},"houzez_section_title_color":"#FFFFFF","houzez_section_subtitle_color":"rgba(255, 255, 255, 0.63)","homey_main_title_spacing":{"unit":"px","size":15,"sizes":[]},"_animation":"fadeIn","animation_duration":"slow","section_title_typography_line_height":{"unit":"em","size":1.4,"sizes":[]},"section_title_typography_letter_spacing":{"unit":"px","size":0,"sizes":[]}},"elements":[],"isInner":false,"widgetType":"houzez_elementor_section_title","elType":"widget"},{"id":"79bb3cd5","settings":{"width":{"unit":"%","size":30,"sizes":[]},"text":"Divider","color":"rgba(255, 255, 255, 0.35)"},"elements":[],"isInner":false,"widgetType":"divider","elType":"widget"}],"isInner":true,"elType":"column"},{"id":"4eaa67ec","settings":{"_column_size":33,"_inline_size":30,"content_position":"center"},"elements":[{"id":"88d3859","settings":{"title":"02.","header_size":"div","title_color":"#FFFFFF","typography_typography":"custom","typography_font_family":"Noto Serif JP","typography_font_size":{"unit":"px","size":40,"sizes":[]},"typography_font_weight":"300","_animation":"fadeIn","animation_duration":"slow"},"elements":[],"isInner":false,"widgetType":"heading","elType":"widget"},{"id":"317f550","settings":{"hz_section_title":"Design Custom Leads Capture Forms","hz_section_subtitle":"Keep track of your leads without having to pay for an external CRM","section_title_typography_typography":"custom","section_title_typography_font_size":{"unit":"px","size":25,"sizes":[]},"section_title_typography_font_weight":"300","section_subtitle_typography_typography":"custom","houzez_section_title_align":"left","section_subtitle_typography_line_height":{"unit":"em","size":1.5,"sizes":[]},"houzez_section_title_color":"#FFFFFF","houzez_section_subtitle_color":"rgba(255, 255, 255, 0.63)","homey_main_title_spacing":{"unit":"px","size":15,"sizes":[]},"_animation":"fadeIn","animation_duration":"slow","section_title_typography_line_height":{"unit":"em","size":1.4,"sizes":[]},"section_title_typography_letter_spacing":{"unit":"px","size":0,"sizes":[]}},"elements":[],"isInner":false,"widgetType":"houzez_elementor_section_title","elType":"widget"},{"id":"63e59a96","settings":{"width":{"unit":"%","size":30,"sizes":[]},"text":"Divider","color":"rgba(255, 255, 255, 0.35)"},"elements":[],"isInner":false,"widgetType":"divider","elType":"widget"},{"id":"5b57aa71","settings":{"title":"03.","header_size":"div","title_color":"#FFFFFF","typography_typography":"custom","typography_font_family":"Noto Serif JP","typography_font_size":{"unit":"px","size":40,"sizes":[]},"typography_font_weight":"300","_animation":"fadeIn","animation_duration":"slow"},"elements":[],"isInner":false,"widgetType":"heading","elType":"widget"},{"id":"6237b501","settings":{"hz_section_title":"Highly Customizable Theme","hz_section_subtitle":"Customize your website according to your expectations and requirements\n\n","section_title_typography_typography":"custom","section_title_typography_font_size":{"unit":"px","size":25,"sizes":[]},"section_title_typography_font_weight":"300","section_subtitle_typography_typography":"custom","houzez_section_title_align":"left","section_subtitle_typography_line_height":{"unit":"em","size":1.5,"sizes":[]},"houzez_section_title_color":"#FFFFFF","houzez_section_subtitle_color":"rgba(255, 255, 255, 0.63)","homey_main_title_spacing":{"unit":"px","size":15,"sizes":[]},"_animation":"fadeIn","animation_duration":"slow","section_title_typography_line_height":{"unit":"em","size":1.4,"sizes":[]},"section_title_typography_letter_spacing":{"unit":"px","size":0,"sizes":[]}},"elements":[],"isInner":false,"widgetType":"houzez_elementor_section_title","elType":"widget"},{"id":"23d3fe1b","settings":{"width":{"unit":"%","size":30,"sizes":[]},"text":"Divider","color":"rgba(255, 255, 255, 0.35)"},"elements":[],"isInner":false,"widgetType":"divider","elType":"widget"}],"isInner":true,"elType":"column"},{"id":"56aa72f7","settings":{"_column_size":33,"_inline_size":39.666,"content_position":"center","space_between_widgets":0,"background_background":"classic","background_color":"#FFFFFF","padding":{"unit":"px","top":"50","right":"50","bottom":"30","left":"50","isLinked":false}},"elements":[{"id":"7f2ed7dd","settings":{"hz_section_title":"Real Estate Inquiry Form\n","section_title_typography_typography":"custom","section_title_typography_font_size":{"unit":"px","size":25,"sizes":[]},"section_title_typography_font_weight":"400","section_subtitle_typography_typography":"custom","houzez_section_title_align":"","section_subtitle_typography_line_height":{"unit":"em","size":1.5,"sizes":[]},"houzez_section_title_color":"#000000","houzez_section_subtitle_color":"#000000","_animation":"fadeIn","animation_duration":"slow","hz_section_subtitle":"Design custom lead capture forms that integrate with the Houzez CRM","section_subtitle_typography_font_size":{"unit":"px","size":18,"sizes":[]},"homey_subtitle_spacing":{"unit":"px","size":0,"sizes":[]},"houzez_section_title_margin_bottom":{"unit":"px","size":20,"sizes":[]}},"elements":[],"isInner":false,"widgetType":"houzez_elementor_section_title","elType":"widget"},{"id":"156af5ba","settings":{"form_name":"New Form","form_fields":[{"field_type":"enquiry_type","field_label":"Inquiry Type","placeholder":"Select","required":"true","field_options":"","width":"100","width_tablet":"","width_mobile":"","rows":4,"_id":"ba6c34c"},{"field_type":"user_type","field_label":"Information","placeholder":"I'm a ","required":"true","field_options":"I'm a real estate agent|I am a real estate agent\nI'm a property owner|I am a property owner","width":"100","width_tablet":"","width_mobile":"","rows":4,"_id":"b7fe77d"},{"field_type":"first_name","field_label":"","placeholder":"First Name","required":"true","field_options":"","width":"50","width_tablet":"","width_mobile":"","rows":4,"_id":"cc6b92f"},{"field_type":"last_name","field_label":"","placeholder":"Last Name","required":"","field_options":"","width":"50","width_tablet":"","width_mobile":"","rows":4,"_id":"3cc124e"},{"field_type":"email","field_label":"","placeholder":"Email Address","required":"true","field_options":"","width":"100","width_tablet":"","width_mobile":"","rows":4,"_id":"932d82c"},{"field_type":"e_meta[city]","field_label":"Location","placeholder":"Select","required":"true","field_options":"","width":"50","width_tablet":"","width_mobile":"","rows":4,"_id":"2eaf20d"},{"field_type":"e_meta[zipcode]","field_label":"&nbsp;","placeholder":"Zip Code","required":"true","field_options":"","width":"50","width_tablet":"","width_mobile":"","rows":4,"_id":"f0ee6fc"},{"field_type":"e_meta[property_type]","field_label":"Property","placeholder":"Select type","required":"true","field_options":"","width":"100","width_tablet":"","width_mobile":"","rows":4,"_id":"3180222"},{"field_type":"e_meta[price]","field_label":"","placeholder":"Max price","required":"true","field_options":"","width":"50","width_tablet":"","width_mobile":"","rows":4,"_id":"c549d17"},{"field_type":"e_meta[area-size]","field_label":"","placeholder":"Minimum size (Sq Ft)","required":"true","field_options":"","width":"50","width_tablet":"","width_mobile":"","rows":4,"_id":"e08cbcb"},{"field_type":"e_meta[beds]","field_label":"","placeholder":"Number of beds","required":"true","field_options":"","width":"50","width_tablet":"","width_mobile":"","rows":4,"_id":"66cc0de"},{"field_type":"e_meta[baths]","field_label":"","placeholder":"Number of baths","required":"true","field_options":"","width":"50","width_tablet":"","width_mobile":"","rows":4,"_id":"dea086f"}],"input_size":"md","button_text":"Submit","button_size":"md","email_to":"hello@favethemes.com","email_subject":"New message from &quot;Houzez 01&quot;","field_border_width":{"unit":"px","top":"2","right":"2","bottom":"2","left":"2","isLinked":true},"con_google_recaptcha":"yes","gdpr_agreement":"yes","gdpr_label":"GDPR Agreement","gdpr_required":"true","gdpr_text":"I consent to having this website store my submitted information"},"elements":[],"isInner":false,"widgetType":"houzez_elementor_inquiry_form","elType":"widget"}],"isInner":true,"elType":"column"}],"isInner":true,"elType":"section"},{"id":"1bcce680","settings":{"height":{"unit":"px","size":70,"sizes":[]}},"elements":[],"isInner":false,"widgetType":"houzez_elementor_space","elType":"widget"}],"isInner":false,"elType":"column"}],"isInner":false,"elType":"section"},{"id":"3c2e527e","settings":{"custom_height":{"unit":"px","size":760,"sizes":[]},"content_position":"middle","background_color":"#FFFFFF","background_position":"center right","background_repeat":"no-repeat","background_size":"auto","background_overlay_opacity":{"unit":"px","size":0.9,"sizes":[]},"css_filters_blur":{"unit":"px","size":2,"sizes":[]},"stretch_section":"section-stretched","layout":"full_width","gap":"wide","background_bg_width":{"unit":"%","size":15,"sizes":[]},"background_overlay_color":"#005A84","overlay_blend_mode":"multiply"},"elements":[{"id":"70940121","settings":{"_column_size":100,"_inline_size":null},"elements":[{"id":"7e7c770","settings":{"height":{"unit":"px","size":50,"sizes":[]}},"elements":[],"isInner":false,"widgetType":"houzez_elementor_space","elType":"widget"},{"id":"693026a5","settings":{"gap":"extended","content_position":"middle","reverse_order_mobile":"reverse-mobile","content_width":{"unit":"px","size":1280,"sizes":[]}},"elements":[{"id":"1d4a2511","settings":{"_column_size":100,"_inline_size":null},"elements":[{"id":"4b7abe89","settings":{"hz_section_title":"Check Our Selection Of Finest Properties","section_title_typography_typography":"custom","section_title_typography_font_size":{"unit":"px","size":35,"sizes":[]},"section_title_typography_font_weight":"300","section_subtitle_typography_typography":"custom","houzez_section_title_color":"#000000","houzez_section_subtitle_color":"#7A7A7A","_animation":"fadeIn","animation_duration":"slow","houzez_section_title_margin_bottom":{"unit":"px","size":20,"sizes":[]},"hz_section_subtitle":"Lorem ipsum dolor sit amet, consectetur adipisicing elit","section_title_typography_font_size_mobile":{"unit":"px","size":25,"sizes":[]},"section_title_typography_line_height_mobile":{"unit":"em","size":1.4,"sizes":[]},"section_subtitle_typography_font_size_mobile":{"unit":"px","size":16,"sizes":[]}},"elements":[],"isInner":false,"widgetType":"houzez_elementor_section_title","elType":"widget"},{"id":"e6e7ee5","settings":{"sort_by":"featured_top","posts_limit":"6","property_type":["apartment"],"property_status":["for-rent"],"_animation":"fadeIn","animation_duration":"slow","hide_compare":"none","hide_favorite":"none","hide_preview":"none","hz_property_title_typography":"custom","hz_property_title_font_weight":"300","hz_item_price_typography":"custom","hz_item_price_font_size":{"unit":"px","size":16,"sizes":[]},"hz_item_area-postfix_typography":"custom","hz_item_area-postfix_font_size":{"unit":"px","size":14,"sizes":[]}},"elements":[],"isInner":false,"widgetType":"houzez_elementor_property-card-v3","elType":"widget"}],"isInner":true,"elType":"column"}],"isInner":true,"elType":"section"},{"id":"c36be46","settings":{"height":{"unit":"px","size":70,"sizes":[]}},"elements":[],"isInner":false,"widgetType":"houzez_elementor_space","elType":"widget"}],"isInner":false,"elType":"column"}],"isInner":false,"elType":"section"},{"id":"8f39b4e","settings":{"custom_height":{"unit":"px","size":760,"sizes":[]},"content_position":"middle","background_color":"#FFFFFF","background_position":"center right","background_repeat":"no-repeat","background_size":"auto","background_overlay_background":"classic","background_overlay_opacity":{"unit":"px","size":0.2,"sizes":[]},"css_filters_blur":{"unit":"px","size":2,"sizes":[]},"layout":"full_width","gap":"wide","css_filters_css_filter":"custom","background_background":"classic","background_image":{"url":"https:\/\/demo01.houzez.co\/wp-content\/uploads\/2020\/02\/bg-marker-right.jpg","id":16546}},"elements":[{"id":"45954587","settings":{"_column_size":100,"_inline_size":null},"elements":[{"id":"161de1b","settings":{"height":{"unit":"px","size":50,"sizes":[]}},"elements":[],"isInner":false,"widgetType":"houzez_elementor_space","elType":"widget"},{"id":"3a493362","settings":{"gap":"extended","structure":"50","content_width":{"unit":"px","size":1280,"sizes":[]}},"elements":[{"id":"3f432426","settings":{"_column_size":20,"_inline_size":null,"content_position":"center"},"elements":[{"id":"4da3b690","settings":{"height":{"unit":"px","size":10,"sizes":[]}},"elements":[],"isInner":false,"widgetType":"houzez_elementor_space","elType":"widget"},{"id":"4a594d16","settings":{"hz_section_title":"Explore Cities","hz_section_subtitle":"Lorem ipsum dolor sit amet, consectetur adipiscing elit, sed do eiusmod tempor incididunt ut labore et dolore magna ","section_title_typography_typography":"custom","section_title_typography_font_size":{"unit":"px","size":28,"sizes":[]},"section_title_typography_font_weight":"300","section_subtitle_typography_typography":"custom","houzez_section_title_align":"left","section_subtitle_typography_line_height":{"unit":"em","size":1.7,"sizes":[]},"houzez_section_title_color":"#000000","houzez_section_subtitle_color":"#7A7A7A","homey_main_title_spacing":{"unit":"px","size":10,"sizes":[]},"homey_subtitle_spacing":{"unit":"px","size":30,"sizes":[]},"_animation":"fadeIn","animation_duration":"slow"},"elements":[],"isInner":false,"widgetType":"houzez_elementor_section_title","elType":"widget"}],"isInner":true,"elType":"column"},{"id":"b9f296a","settings":{"_column_size":20,"_inline_size":null},"elements":[{"id":"5145760d","settings":{"grid_data":"dynamic","more_text":"More Details","grid_taxonomy":"property_city","tax_city":"chicago","more_text_d":"More Details","grid_type":"grid-item-v3","grid_padding":{"unit":"px","size":30,"sizes":[]},"grid_title_typography_typography":"custom","grid_subtitle_typography_typography":"custom","_animation":"fadeInRight","animation_duration":"slow","_box_shadow_box_shadow_type":"yes","_box_shadow_box_shadow":{"horizontal":0,"vertical":10,"blur":20,"spread":0,"color":"rgba(0, 0, 0, 0.1)"}},"elements":[],"isInner":false,"widgetType":"Houzez_elementor_grid_builder","elType":"widget"}],"isInner":true,"elType":"column"},{"id":"4b00b2e3","settings":{"_column_size":20,"_inline_size":null},"elements":[{"id":"56645098","settings":{"grid_data":"dynamic","more_text":"More Details","grid_taxonomy":"property_city","tax_city":"miami","more_text_d":"More Details","grid_type":"grid-item-v3","grid_padding":{"unit":"px","size":30,"sizes":[]},"grid_title_typography_typography":"custom","grid_subtitle_typography_typography":"custom","_animation":"fadeInRight","animation_duration":"slow","_box_shadow_box_shadow_type":"yes","_box_shadow_box_shadow":{"horizontal":0,"vertical":10,"blur":20,"spread":0,"color":"rgba(0, 0, 0, 0.1)"},"_animation_delay":500},"elements":[],"isInner":false,"widgetType":"Houzez_elementor_grid_builder","elType":"widget"}],"isInner":true,"elType":"column"},{"id":"5ef188f1","settings":{"_column_size":20,"_inline_size":null},"elements":[{"id":"3ddbacd5","settings":{"grid_data":"dynamic","more_text":"More Details","grid_taxonomy":"property_city","tax_city":"new-york","more_text_d":"More Details","grid_type":"grid-item-v3","grid_padding":{"unit":"px","size":30,"sizes":[]},"grid_title_typography_typography":"custom","grid_subtitle_typography_typography":"custom","_animation":"fadeInRight","animation_duration":"slow","_box_shadow_box_shadow_type":"yes","_box_shadow_box_shadow":{"horizontal":0,"vertical":10,"blur":20,"spread":0,"color":"rgba(0, 0, 0, 0.1)"},"_animation_delay":1000},"elements":[],"isInner":false,"widgetType":"Houzez_elementor_grid_builder","elType":"widget"}],"isInner":true,"elType":"column"},{"id":"21c1476b","settings":{"_column_size":20,"_inline_size":null},"elements":[{"id":"4e18a833","settings":{"grid_data":"dynamic","more_text":"More Details","grid_taxonomy":"property_city","tax_city":"los-angeles","more_text_d":"More Details","grid_type":"grid-item-v3","grid_padding":{"unit":"px","size":30,"sizes":[]},"grid_title_typography_typography":"custom","grid_subtitle_typography_typography":"custom","_animation":"fadeInRight","animation_duration":"slow","_box_shadow_box_shadow_type":"yes","_box_shadow_box_shadow":{"horizontal":0,"vertical":10,"blur":20,"spread":0,"color":"rgba(0, 0, 0, 0.1)"},"_animation_delay":1500},"elements":[],"isInner":false,"widgetType":"Houzez_elementor_grid_builder","elType":"widget"}],"isInner":true,"elType":"column"}],"isInner":true,"elType":"section"},{"id":"30505d34","settings":{"height":{"unit":"px","size":70,"sizes":[]}},"elements":[],"isInner":false,"widgetType":"houzez_elementor_space","elType":"widget"}],"isInner":false,"elType":"column"}],"isInner":false,"elType":"section"},{"id":"7eb4e931","settings":{"custom_height":{"unit":"px","size":760,"sizes":[]},"content_position":"middle","background_color":"#FFFFFF","background_position":"center center","background_repeat":"no-repeat","background_size":"cover","background_overlay_background":"classic","background_overlay_opacity":{"unit":"px","size":0.2,"sizes":[]},"css_filters_blur":{"unit":"px","size":2,"sizes":[]},"stretch_section":"section-stretched","layout":"full_width","gap":"wide","css_filters_css_filter":"custom"},"elements":[{"id":"590876e7","settings":{"_column_size":100,"_inline_size":null},"elements":[{"id":"2f7f3512","settings":[],"elements":[],"isInner":false,"widgetType":"houzez_elementor_space","elType":"widget"},{"id":"76cd21c1","settings":{"gap":"extended"},"elements":[{"id":"7c34b1a3","settings":{"_column_size":100,"_inline_size":null,"content_position":"bottom"},"elements":[{"id":"5b003b41","settings":{"hz_section_title":"Meet Our Agents","section_title_typography_typography":"custom","section_title_typography_font_size":{"unit":"px","size":35,"sizes":[]},"section_title_typography_font_weight":"300","section_subtitle_typography_typography":"custom","houzez_section_title_margin_bottom":{"unit":"px","size":20,"sizes":[]},"_animation":"fadeIn","animation_duration":"slow","hz_section_subtitle":"Lorem ipsum dolor sit amet, consectetur adipisicing elit","houzez_section_title_color":"#000000","houzez_section_subtitle_color":"#7A7A7A","section_title_typography_font_size_mobile":{"unit":"px","size":25,"sizes":[]},"section_title_typography_line_height_mobile":{"unit":"em","size":1.4,"sizes":[]},"section_subtitle_typography_font_size_mobile":{"unit":"px","size":16,"sizes":[]}},"elements":[],"isInner":false,"widgetType":"houzez_elementor_section_title","elType":"widget"},{"id":"5f9e0e45","settings":{"columns":"4","posts_limit":"4"},"elements":[],"isInner":false,"widgetType":"houzez_elementor_agents","elType":"widget"}],"isInner":true,"elType":"column"}],"isInner":true,"elType":"section"},{"id":"371cfa63","settings":{"height":{"unit":"px","size":100,"sizes":[]}},"elements":[],"isInner":false,"widgetType":"houzez_elementor_space","elType":"widget"}],"isInner":false,"elType":"column"}],"isInner":false,"elType":"section"},{"id":"750f922e","settings":{"custom_height":{"unit":"px","size":760,"sizes":[]},"content_position":"middle","background_color":"#FFFFFF","background_position":"center center","background_repeat":"no-repeat","background_size":"cover","background_overlay_background":"classic","background_overlay_opacity":{"unit":"px","size":0.2,"sizes":[]},"css_filters_blur":{"unit":"px","size":2,"sizes":[]},"stretch_section":"section-stretched","layout":"full_width","gap":"wide","css_filters_css_filter":"custom","background_background":"classic"},"elements":[{"id":"27f63210","settings":{"_column_size":100,"_inline_size":null},"elements":[{"id":"297b8ec","settings":[],"elements":[],"isInner":false,"widgetType":"houzez_elementor_space","elType":"widget"},{"id":"73adb413","settings":{"gap":"extended"},"elements":[{"id":"6bc7df91","settings":{"_column_size":100,"_inline_size":null,"content_position":"bottom"},"elements":[{"id":"6776f5cd","settings":{"hz_section_title":"Testimonials","section_title_typography_typography":"custom","section_title_typography_font_size":{"unit":"px","size":35,"sizes":[]},"section_title_typography_font_weight":"300","section_subtitle_typography_typography":"custom","houzez_section_title_margin_bottom":{"unit":"px","size":20,"sizes":[]},"_animation":"fadeIn","animation_duration":"slow","hz_section_subtitle":"Lorem ipsum dolor sit amet, consectetur adipisicing elit","houzez_section_title_color":"#000000","houzez_section_subtitle_color":"#7A7A7A","section_title_typography_font_size_mobile":{"unit":"px","size":25,"sizes":[]},"section_title_typography_line_height_mobile":{"unit":"em","size":1.4,"sizes":[]},"section_subtitle_typography_font_size_mobile":{"unit":"px","size":16,"sizes":[]}},"elements":[],"isInner":false,"widgetType":"houzez_elementor_section_title","elType":"widget"},{"id":"1bff0e42","settings":{"posts_limit":"3","houzez_testi_v2_text_color":"#000000","houzez_testi_v2_bg_color":"#EDF9FF","_animation":"fadeIn","animation_duration":"slow"},"elements":[],"isInner":false,"widgetType":"houzez_elementor_testimonials_v2","elType":"widget"}],"isInner":true,"elType":"column"}],"isInner":true,"elType":"section"},{"id":"c930f64","settings":{"height":{"unit":"px","size":70,"sizes":[]}},"elements":[],"isInner":false,"widgetType":"houzez_elementor_space","elType":"widget"}],"isInner":false,"elType":"column"}],"isInner":false,"elType":"section"},{"id":"5d8b9cd1","settings":{"background_background":"classic","background_color":"#FFFFFF","structure":"50","padding":{"unit":"px","top":"15","right":"0","bottom":"15","left":"0","isLinked":false},"border_border":"solid","border_width":{"unit":"px","top":"1","right":"0","bottom":"0","left":"0","isLinked":false},"border_color":"#ECECEC","hide_tablet":"hidden-tablet","hide_mobile":"hidden-phone"},"elements":[{"id":"724f7f26","settings":{"_column_size":20,"_inline_size":null},"elements":[{"id":"5a36c5f4","settings":{"image":{"url":"https:\/\/demo01.houzez.co\/wp-content\/uploads\/2016\/03\/partner-01-e1582734705113.jpg","id":1118}},"elements":[],"isInner":false,"widgetType":"image","elType":"widget"}],"isInner":false,"elType":"column"},{"id":"2b7c3c02","settings":{"_column_size":20,"_inline_size":null},"elements":[{"id":"3452b654","settings":{"image":{"url":"https:\/\/demo01.houzez.co\/wp-content\/uploads\/2016\/03\/partner-02-e1582734691936.jpg","id":1119}},"elements":[],"isInner":false,"widgetType":"image","elType":"widget"}],"isInner":false,"elType":"column"},{"id":"ab706ec","settings":{"_column_size":20,"_inline_size":null},"elements":[{"id":"7deea890","settings":{"image":{"url":"https:\/\/demo01.houzez.co\/wp-content\/uploads\/2016\/03\/partner-04-e1582734649458.jpg","id":1121}},"elements":[],"isInner":false,"widgetType":"image","elType":"widget"}],"isInner":false,"elType":"column"},{"id":"3bca5566","settings":{"_column_size":20,"_inline_size":null},"elements":[{"id":"767ceee5","settings":{"image":{"url":"https:\/\/demo01.houzez.co\/wp-content\/uploads\/2016\/03\/partner-03-e1582734671602.jpg","id":1120}},"elements":[],"isInner":false,"widgetType":"image","elType":"widget"}],"isInner":false,"elType":"column"},{"id":"44959718","settings":{"_column_size":20,"_inline_size":null},"elements":[{"id":"69a88fdd","settings":{"image":{"url":"https:\/\/demo01.houzez.co\/wp-content\/uploads\/2016\/03\/partner-05-e1582734603812.jpg","id":1122}},"elements":[],"isInner":false,"widgetType":"image","elType":"widget"}],"isInner":false,"elType":"column"}],"isInner":false,"elType":"section"}]}