{"version":"0.4","title":"Demo 03 &#8211; Homepage with capture form","type":"page","content":[{"id":"2af7867c","settings":{"gap":"no","background_background":"slideshow","background_slideshow_gallery":[{"id":17269,"url":"https:\/\/demo03.houzez.co\/wp-content\/uploads\/2020\/03\/206.jpg"},{"id":17270,"url":"https:\/\/demo03.houzez.co\/wp-content\/uploads\/2020\/03\/205.jpg"},{"id":17271,"url":"https:\/\/demo03.houzez.co\/wp-content\/uploads\/2020\/03\/204.jpg"}],"background_overlay_background":"classic","background_overlay_color":"#004274","background_slideshow_ken_burns":"yes","background_overlay_opacity":{"unit":"px","size":0.65,"sizes":[]}},"elements":[{"id":"32ec7c2e","settings":{"_column_size":100,"_inline_size":null},"elements":[{"id":"744c54b4","settings":[],"elements":[],"isInner":false,"widgetType":"houzez_elementor_space","elType":"widget"},{"id":"4876464d","settings":{"gap":"no","structure":"30","content_position":"middle"},"elements":[{"id":"44f3818c","settings":{"_column_size":33,"_inline_size":49.298},"elements":[{"id":"5d38087b","settings":{"hz_section_title":"Display custom contact forms that integrate with Houzez CRM","hz_section_subtitle":"When one of your visitors fill up this form the data will be stored in the Houzez CRM as new lead\n","section_title_typography_typography":"custom","section_title_typography_font_size":{"unit":"px","size":35,"sizes":[]},"section_title_typography_font_size_mobile":{"unit":"px","size":28,"sizes":[]},"section_title_typography_font_weight":"300","section_title_typography_line_height":{"unit":"em","size":1.35,"sizes":[]},"section_subtitle_typography_typography":"custom","section_subtitle_typography_font_size_mobile":{"unit":"px","size":16,"sizes":[]},"section_subtitle_typography_line_height":{"unit":"em","size":1.75,"sizes":[]},"houzez_section_title_align":"left","houzez_section_title_color":"#FFFFFF","houzez_section_subtitle_color":"#FFFFFF","houzez_section_title_margin_bottom":{"unit":"px","size":20,"sizes":[]},"_animation":"fadeIn","animation_duration":"slow","section_title_typography_font_family":"Lora","section_title_typography_line_height_mobile":{"unit":"em","size":1.4,"sizes":[]}},"elements":[],"isInner":false,"widgetType":"houzez_elementor_section_title","elType":"widget"}],"isInner":true,"elType":"column"},{"id":"5d4142c0","settings":{"_column_size":33,"_inline_size":10.018},"elements":[],"isInner":true,"elType":"column"},{"id":"19e36203","settings":{"_column_size":33,"_inline_size":40.016,"space_between_widgets":0},"elements":[{"id":"1574ea49","settings":{"hz_section_title":"Get In Touch","hz_section_subtitle":"Fill out this form and one of our agents will be in touch with you soon\n","section_title_typography_typography":"custom","section_title_typography_font_size":{"unit":"px","size":18,"sizes":[]},"section_subtitle_typography_typography":"custom","section_subtitle_typography_font_weight":"400","houzez_section_title_align":"left","houzez_section_subtitle_color":"#7A7A7A","homey_main_title_spacing":{"unit":"px","size":15,"sizes":[]},"homey_subtitle_spacing":{"unit":"px","size":0,"sizes":[]},"houzez_section_title_margin_bottom":{"unit":"px","size":0,"sizes":[]},"_padding":{"unit":"px","top":"30","right":"30","bottom":"10","left":"30","isLinked":false},"_background_background":"classic","_background_color":"#FFFFFF"},"elements":[],"isInner":false,"widgetType":"houzez_elementor_section_title","elType":"widget"},{"id":"3d8346b","settings":{"form_name":"New Form","form_fields":[{"_id":"name","field_type":"name","field_label":"Name","placeholder":"Name","width":"100","required":"","field_options":"","width_tablet":"","width_mobile":"","rows":4},{"_id":"email","field_type":"email","required":"true","field_label":"Email","placeholder":"Email","width":"50","field_options":"","width_tablet":"","width_mobile":"","rows":4},{"field_type":"mobile","field_label":"Phone","placeholder":"Phone","required":"","field_options":"","width":"50","width_tablet":"","width_mobile":"","rows":4,"_id":"ac2e031"},{"_id":"message","field_type":"message","field_label":"Message","placeholder":"Message","width":"100","required":"","field_options":"","width_tablet":"","width_mobile":"","rows":4}],"show_labels":"","gdpr_agreement":"yes","gdpr_label":"GDPR Agreement","gdpr_required":"true","gdpr_text":"I consent to having this website store my submitted information","button_text":"Submit","email_to":"hello@favethemes.com","email_subject":"New message from &quot;Houzez - Highly Customizable Real Estate WordPress Theme&quot;","field_typography_typography":"custom","field_gdpr_color":"#7A7A7A","gdpr_typography_typography":"custom","gdpr_typography_font_size":{"unit":"px","size":14,"sizes":[]},"_padding":{"unit":"px","top":"10","right":"30","bottom":"30","left":"30","isLinked":false},"_background_background":"classic","_background_color":"#FFFFFF"},"elements":[],"isInner":false,"widgetType":"houzez_elementor_contact_form","elType":"widget"}],"isInner":true,"elType":"column"}],"isInner":true,"elType":"section"},{"id":"478c4519","settings":[],"elements":[],"isInner":false,"widgetType":"houzez_elementor_space","elType":"widget"}],"isInner":false,"elType":"column"}],"isInner":false,"elType":"section"},{"id":"3a159be5","settings":{"background_background":"classic","background_color":"#FFFFFF","padding":{"unit":"px","top":"12","right":"0","bottom":"20","left":"0","isLinked":false}},"elements":[{"id":"708829a5","settings":{"_column_size":100,"_inline_size":null},"elements":[{"id":"72df3160","settings":{"icon_list":[{"text":"Find Your Next Home","selected_icon":{"value":"fas fa-search","library":"fa-solid"},"_id":"3391fb7","link":{"url":"","is_external":"","nofollow":"","custom_attributes":""}}],"icon_size":{"unit":"px","size":18,"sizes":[]},"icon_typography_typography":"custom","icon_typography_font_size":{"unit":"px","size":20,"sizes":[]},"icon_typography_font_weight":"500"},"elements":[],"isInner":false,"widgetType":"icon-list","elType":"widget"},{"id":"2a9853f4","settings":{"form_fields":[{"_id":"field-cities","field_type":"location[]","field_label":"Cities","placeholder":"All Cities","width":"20","radius_from":"1","radius_to":"100","radius_default":"32","price_from_text":"From","price_to_text":"To","width_tablet":"","width_mobile":"","data_live_search":"","slider_width":{"unit":"px","size":50,"sizes":[]},"slider_width_tablet":{"unit":"px","size":"","sizes":[]},"slider_width_mobile":{"unit":"px","size":"","sizes":[]},"is_multiple":"","select_all_btns":"false","selected_count_text":"items selected","hidden_desktop":"","hidden_tablet":"","hidden_phone":""},{"_id":"field-types","field_type":"type[]","field_label":"Property Type","placeholder":"All Types","is_multiple":"true","select_all_btns":"true","selected_count_text":"types selected","width":"20","width_mobile":"50","radius_from":"1","radius_to":"100","radius_default":"32","price_from_text":"From","price_to_text":"To","width_tablet":"","data_live_search":"","slider_width":{"unit":"px","size":50,"sizes":[]},"slider_width_tablet":{"unit":"px","size":"","sizes":[]},"slider_width_mobile":{"unit":"px","size":"","sizes":[]},"hidden_desktop":"","hidden_tablet":"","hidden_phone":""},{"_id":"field-status","field_type":"status[]","field_label":"Property Status","placeholder":"All Status","is_multiple":"true","select_all_btns":"true","selected_count_text":"status selected","width":"20","width_mobile":"50","radius_from":"1","radius_to":"100","radius_default":"32","price_from_text":"From","price_to_text":"To","width_tablet":"","data_live_search":"","slider_width":{"unit":"px","size":50,"sizes":[]},"slider_width_tablet":{"unit":"px","size":"","sizes":[]},"slider_width_mobile":{"unit":"px","size":"","sizes":[]},"hidden_desktop":"","hidden_tablet":"","hidden_phone":""},{"_id":"field-beds","field_type":"bedrooms","field_label":"Bedrooms","placeholder":"Bedrooms","width":"20","width_mobile":"50","radius_from":"1","radius_to":"100","radius_default":"32","price_from_text":"From","price_to_text":"To","width_tablet":"","data_live_search":"","slider_width":{"unit":"px","size":50,"sizes":[]},"slider_width_tablet":{"unit":"px","size":"","sizes":[]},"slider_width_mobile":{"unit":"px","size":"","sizes":[]},"is_multiple":"","select_all_btns":"false","selected_count_text":"items selected","hidden_desktop":"","hidden_tablet":"","hidden_phone":""},{"_id":"field-baths","field_type":"bedrooms","field_label":"Bathrooms","placeholder":"Bathrooms","width":"20","width_mobile":"50","radius_from":"1","radius_to":"100","radius_default":"32","price_from_text":"From","price_to_text":"To","width_tablet":"","data_live_search":"","slider_width":{"unit":"px","size":50,"sizes":[]},"slider_width_tablet":{"unit":"px","size":"","sizes":[]},"slider_width_mobile":{"unit":"px","size":"","sizes":[]},"is_multiple":"","select_all_btns":"false","selected_count_text":"items selected","hidden_desktop":"","hidden_tablet":"","hidden_phone":""},{"_id":"field-min-price","field_type":"min-price","field_label":"Min. Price","placeholder":"Min. Price","width":"16","width_mobile":"50","radius_from":"1","radius_to":"100","radius_default":"32","price_from_text":"From","price_to_text":"To","width_tablet":"","data_live_search":"","slider_width":{"unit":"px","size":50,"sizes":[]},"slider_width_tablet":{"unit":"px","size":"","sizes":[]},"slider_width_mobile":{"unit":"px","size":"","sizes":[]},"is_multiple":"","select_all_btns":"false","selected_count_text":"items selected","hidden_desktop":"","hidden_tablet":"","hidden_phone":""},{"_id":"field-max-price","field_type":"max-price","field_label":"Max. Price","placeholder":"Max. Price","width":"16","width_mobile":"50","radius_from":"1","radius_to":"100","radius_default":"32","price_from_text":"From","price_to_text":"To","width_tablet":"","data_live_search":"","slider_width":{"unit":"px","size":50,"sizes":[]},"slider_width_tablet":{"unit":"px","size":"","sizes":[]},"slider_width_mobile":{"unit":"px","size":"","sizes":[]},"is_multiple":"","select_all_btns":"false","selected_count_text":"items selected","hidden_desktop":"","hidden_tablet":"","hidden_phone":""},{"_id":"field-min-area","field_type":"min-area","field_label":"Min. Area","placeholder":"Min. Area","width":"16","width_mobile":"50","radius_from":"1","radius_to":"100","radius_default":"32","price_from_text":"From","price_to_text":"To","width_tablet":"","data_live_search":"","slider_width":{"unit":"px","size":50,"sizes":[]},"slider_width_tablet":{"unit":"px","size":"","sizes":[]},"slider_width_mobile":{"unit":"px","size":"","sizes":[]},"is_multiple":"","select_all_btns":"false","selected_count_text":"items selected","hidden_desktop":"","hidden_tablet":"","hidden_phone":""},{"_id":"field-max-area","field_type":"max-area","field_label":"Max. Area","placeholder":"Max. Area","width":"16","width_mobile":"50","radius_from":"1","radius_to":"100","radius_default":"32","price_from_text":"From","price_to_text":"To","width_tablet":"","data_live_search":"","slider_width":{"unit":"px","size":50,"sizes":[]},"slider_width_tablet":{"unit":"px","size":"","sizes":[]},"slider_width_mobile":{"unit":"px","size":"","sizes":[]},"is_multiple":"","select_all_btns":"false","selected_count_text":"items selected","hidden_desktop":"","hidden_tablet":"","hidden_phone":""},{"_id":"field-property_id","field_type":"property_id","field_label":"Property ID","placeholder":"Property ID","width":"16","radius_from":"1","radius_to":"100","radius_default":"32","price_from_text":"From","price_to_text":"To","width_tablet":"","width_mobile":"","data_live_search":"","slider_width":{"unit":"px","size":50,"sizes":[]},"slider_width_tablet":{"unit":"px","size":"","sizes":[]},"slider_width_mobile":{"unit":"px","size":"","sizes":[]},"is_multiple":"","select_all_btns":"false","selected_count_text":"items selected","hidden_desktop":"","hidden_tablet":"","hidden_phone":""},{"_id":"field-search-btn","field_type":"search-button","field_label":"Search Button","placeholder":"Search","width":"16","radius_from":"1","radius_to":"100","radius_default":"32","price_from_text":"From","price_to_text":"To","width_tablet":"","width_mobile":"","data_live_search":"","slider_width":{"unit":"px","size":50,"sizes":[]},"slider_width_tablet":{"unit":"px","size":"","sizes":[]},"slider_width_mobile":{"unit":"px","size":"","sizes":[]},"is_multiple":"","select_all_btns":"false","selected_count_text":"items selected","hidden_desktop":"","hidden_tablet":"","hidden_phone":""}],"tabs_all_text":"All"},"elements":[],"isInner":false,"widgetType":"houzez_elementor_search_builder","elType":"widget"}],"isInner":false,"elType":"column"}],"isInner":false,"elType":"section"},{"id":"cc7fc88","settings":{"background_color":"#FFFFFF","padding":{"unit":"px","top":"10","right":"10","bottom":"10","left":"10","isLinked":true},"box_shadow_box_shadow_type":"yes","box_shadow_box_shadow":{"horizontal":0,"vertical":20,"blur":40,"spread":-40,"color":"rgba(0, 0, 0, 0.2)"},"box_shadow_box_shadow_position":"inset"},"elements":[{"id":"686c248e","settings":{"_column_size":100,"_inline_size":null},"elements":[{"id":"27ceca04","settings":{"space":{"unit":"px","size":10,"sizes":[]}},"elements":[],"isInner":false,"widgetType":"spacer","elType":"widget"},{"id":"3666e8c","settings":{"gap":"wide"},"elements":[{"id":"7a52ba6e","settings":{"_column_size":100,"_inline_size":null},"elements":[{"id":"7f1d221e","settings":{"hz_section_title":"Welcome To Houzez","section_title_typography_typography":"custom","section_title_typography_font_size":{"unit":"px","size":35,"sizes":[]},"section_title_typography_font_weight":"300","section_subtitle_typography_typography":"custom","houzez_section_title_margin_bottom":{"unit":"px","size":20,"sizes":[]},"_animation":"fadeIn","animation_duration":"slow","hz_section_subtitle":"Lorem ipsum dolor sit amet, consectetur adipiscing ","houzez_section_subtitle_color":"#7A7A7A","section_title_typography_font_family":"Lora","section_title_typography_font_size_mobile":{"unit":"px","size":28,"sizes":[]},"section_title_typography_line_height_mobile":{"unit":"em","size":1.4,"sizes":[]},"section_subtitle_typography_font_size_mobile":{"unit":"px","size":16,"sizes":[]}},"elements":[],"isInner":false,"widgetType":"houzez_elementor_section_title","elType":"widget"}],"isInner":true,"elType":"column"}],"isInner":true,"elType":"section"},{"id":"7091be42","settings":{"gap":"wide","structure":"30"},"elements":[{"id":"1a4c4717","settings":{"_column_size":33,"_inline_size":null},"elements":[{"id":"78737e27","settings":{"image":{"url":"https:\/\/demo01.houzez.co\/wp-content\/uploads\/2016\/03\/204.jpg","id":16174},"thumbnail_size":"houzez-item-image-1","title_text":"Renting","description_text":"Lorem ipsum dolor sit amet, consectetur adipiscing elit. Ut elit tellus, luctus nec ullamcorper mattis, pulvinar dapibus leo.","image_space":{"unit":"px","size":27,"sizes":[]},"image_size":{"unit":"%","size":100,"sizes":[]},"hover_animation":"shrink","text_align":"center","title_bottom_space":{"unit":"px","size":20,"sizes":[]},"title_color":"#000000","title_typography_typography":"custom","title_typography_font_family":"Lora","title_typography_font_weight":"400","description_color":"#7A7A7A","_padding":{"unit":"px","top":"30","right":"30","bottom":"30","left":"30","isLinked":true},"_background_background":"classic","_background_color":"#FFFFFF","_border_radius":{"unit":"px","top":"4","right":"4","bottom":"4","left":"4","isLinked":true},"_box_shadow_box_shadow_type":"yes","_box_shadow_box_shadow":{"horizontal":0,"vertical":20,"blur":40,"spread":0,"color":"rgba(0, 0, 0, 0.1)"},"_animation":"fadeIn","animation_duration":"slow"},"elements":[],"isInner":false,"widgetType":"image-box","elType":"widget"}],"isInner":true,"elType":"column"},{"id":"5b7796ce","settings":{"_column_size":33,"_inline_size":null},"elements":[{"id":"56e17396","settings":{"image":{"url":"https:\/\/demo01.houzez.co\/wp-content\/uploads\/2016\/03\/023.jpg","id":16142},"thumbnail_size":"houzez-item-image-1","title_text":"Buying","description_text":"Lorem ipsum dolor sit amet, consectetur adipiscing elit. Ut elit tellus, luctus nec ullamcorper mattis, pulvinar dapibus leo.","image_space":{"unit":"px","size":27,"sizes":[]},"image_size":{"unit":"%","size":100,"sizes":[]},"hover_animation":"shrink","text_align":"center","title_bottom_space":{"unit":"px","size":20,"sizes":[]},"title_color":"#000000","title_typography_typography":"custom","title_typography_font_family":"Lora","title_typography_font_weight":"400","description_color":"#7A7A7A","_padding":{"unit":"px","top":"30","right":"30","bottom":"30","left":"30","isLinked":true},"_background_background":"classic","_background_color":"#FFFFFF","_border_radius":{"unit":"px","top":"4","right":"4","bottom":"4","left":"4","isLinked":true},"_box_shadow_box_shadow_type":"yes","_box_shadow_box_shadow":{"horizontal":0,"vertical":20,"blur":40,"spread":0,"color":"rgba(0, 0, 0, 0.1)"},"_animation":"fadeIn","animation_duration":"slow"},"elements":[],"isInner":false,"widgetType":"image-box","elType":"widget"}],"isInner":true,"elType":"column"},{"id":"51d20e2f","settings":{"_column_size":33,"_inline_size":null},"elements":[{"id":"53654005","settings":{"image":{"url":"https:\/\/demo01.houzez.co\/wp-content\/uploads\/2016\/03\/205.jpg","id":16175},"thumbnail_size":"houzez-item-image-1","title_text":"Selling","description_text":"Lorem ipsum dolor sit amet, consectetur adipiscing elit. Ut elit tellus, luctus nec ullamcorper mattis, pulvinar dapibus leo.","image_space":{"unit":"px","size":27,"sizes":[]},"image_size":{"unit":"%","size":100,"sizes":[]},"hover_animation":"shrink","text_align":"center","title_bottom_space":{"unit":"px","size":20,"sizes":[]},"title_color":"#000000","title_typography_typography":"custom","title_typography_font_family":"Lora","title_typography_font_weight":"400","description_color":"#7A7A7A","_padding":{"unit":"px","top":"30","right":"30","bottom":"30","left":"30","isLinked":true},"_background_background":"classic","_background_color":"#FFFFFF","_border_radius":{"unit":"px","top":"4","right":"4","bottom":"4","left":"4","isLinked":true},"_box_shadow_box_shadow_type":"yes","_box_shadow_box_shadow":{"horizontal":0,"vertical":20,"blur":40,"spread":0,"color":"rgba(0, 0, 0, 0.1)"},"_animation":"fadeIn","animation_duration":"slow"},"elements":[],"isInner":false,"widgetType":"image-box","elType":"widget"}],"isInner":true,"elType":"column"}],"isInner":true,"elType":"section"},{"id":"568a061b","settings":[],"elements":[],"isInner":false,"widgetType":"spacer","elType":"widget"}],"isInner":false,"elType":"column"}],"isInner":false,"elType":"section"},{"id":"797ba470","settings":{"background_background":"classic","background_color":"#FFFFFF","background_overlay_color":"#FFFFFF","css_filters_blur":{"unit":"px","size":2,"sizes":[]}},"elements":[{"id":"2d144373","settings":{"_column_size":100,"_inline_size":null},"elements":[{"id":"5e5593fd","settings":[],"elements":[{"id":"75a37005","settings":{"_column_size":100,"_inline_size":null},"elements":[{"id":"3a6750af","settings":[],"elements":[],"isInner":false,"widgetType":"spacer","elType":"widget"},{"id":"30afee79","settings":{"hz_section_title":"Check Our Featured Listings ","section_title_typography_typography":"custom","section_title_typography_font_size":{"unit":"px","size":35,"sizes":[]},"section_title_typography_font_weight":"300","section_subtitle_typography_typography":"custom","houzez_section_title_margin_bottom":{"unit":"px","size":20,"sizes":[]},"_animation":"fadeIn","animation_duration":"slow","hz_section_subtitle":"Lorem ipsum dolor sit amet, consectetur adipiscing ","houzez_section_subtitle_color":"#7A7A7A","section_title_typography_font_family":"Lora","section_title_typography_font_size_mobile":{"unit":"px","size":28,"sizes":[]},"section_title_typography_line_height_mobile":{"unit":"em","size":1.4,"sizes":[]}},"elements":[],"isInner":false,"widgetType":"houzez_elementor_section_title","elType":"widget"},{"id":"114513d","settings":{"auto_speed":"3000","property_type":["residential"],"property_status":["for-rent"],"sort_by":"featured_top","hz_property_title_typography":"custom","hz_property_title_font_family":"Lora","hz_property_title_font_size":{"unit":"px","size":18,"sizes":[]},"hz_meta_labels_typography":"custom","hz_title_margin_bottom":{"unit":"px","size":5,"sizes":[]},"hz_address_margin_bottom":{"unit":"px","size":5,"sizes":[]},"hz_meta_icons":{"unit":"px","size":18,"sizes":[]},"box_shadow_box_shadow_type":"yes","box_shadow_box_shadow":{"horizontal":0,"vertical":1,"blur":2,"spread":0,"color":"rgba(0, 0, 0, 0.1)"},"np_bg_color":"rgba(0, 0, 0, 0.2)","np_color":"#FFFFFF","np_bg_color_hover":"#00AEFF","np_color_hover":"#FFFFFF","_animation":"fadeIn","animation_duration":"slow"},"elements":[],"isInner":false,"widgetType":"houzez_elementor_properties_carousel_v2n","elType":"widget"},{"id":"179f592a","settings":[],"elements":[],"isInner":false,"widgetType":"spacer","elType":"widget"}],"isInner":true,"elType":"column"}],"isInner":true,"elType":"section"}],"isInner":false,"elType":"column"}],"isInner":false,"elType":"section"},{"id":"2c8afe75","settings":{"custom_height":{"unit":"px","size":760,"sizes":[]},"content_position":"bottom","background_color":"#FFFFFF","background_position":"center left","background_repeat":"repeat","background_size":"cover","background_overlay_background":"classic","css_filters_blur":{"unit":"px","size":2,"sizes":[]},"stretch_section":"section-stretched","gap":"no","background_background":"classic","background_bg_width":{"unit":"%","size":15,"sizes":[]},"background_image":{"url":"https:\/\/demo01.houzez.co\/wp-content\/uploads\/2016\/03\/205.jpg","id":16175},"background_overlay_color":"rgba(0, 51, 90, 0.94)","background_attachment":"fixed","content_width":{"unit":"px","size":1280,"sizes":[]},"height":"min-height","background_overlay_color_stop":{"unit":"%","size":76,"sizes":[]},"background_overlay_color_b":"rgba(242, 41, 91, 0)","background_overlay_color_b_stop":{"unit":"%","size":76,"sizes":[]},"background_overlay_gradient_angle":{"unit":"deg","size":90,"sizes":[]},"background_overlay_opacity":{"unit":"px","size":1,"sizes":[]},"padding":{"unit":"px","top":"50","right":"0","bottom":"50","left":"0","isLinked":false}},"elements":[{"id":"54a42f39","settings":{"_column_size":100,"_inline_size":null},"elements":[{"id":"7838f600","settings":{"height":{"unit":"px","size":70,"sizes":[]}},"elements":[],"isInner":false,"widgetType":"houzez_elementor_space","elType":"widget"},{"id":"5600f85a","settings":{"gap":"wider","structure":"30","layout":"full_width"},"elements":[{"id":"55bdc623","settings":{"_column_size":33,"_inline_size":30,"content_position":"bottom"},"elements":[{"id":"758a89c1","settings":{"hz_section_title":"Why Houzez Is The Perfect Choice?","section_title_typography_typography":"custom","section_title_typography_font_size":{"unit":"px","size":31,"sizes":[]},"section_title_typography_font_weight":"300","section_subtitle_typography_typography":"custom","houzez_section_title_align":"left","section_subtitle_typography_line_height":{"unit":"em","size":1.5,"sizes":[]},"houzez_section_title_color":"#FFFFFF","houzez_section_subtitle_color":"#7A7A7A","homey_main_title_spacing":{"unit":"px","size":15,"sizes":[]},"_animation":"fadeIn","animation_duration":"slow","section_title_typography_line_height":{"unit":"em","size":1.6,"sizes":[]},"_offset_x":{"size":0,"unit":"px"},"_offset_y":{"size":58,"unit":"px"},"section_title_typography_font_family":"Lora"},"elements":[],"isInner":false,"widgetType":"houzez_elementor_section_title","elType":"widget"},{"id":"4107e98a","settings":{"width":{"unit":"%","size":30,"sizes":[]},"text":"Divider","color":"rgba(255, 255, 255, 0.35)"},"elements":[],"isInner":false,"widgetType":"divider","elType":"widget"},{"id":"2b25722e","settings":{"title":"01.","header_size":"div","title_color":"#FFFFFF","typography_typography":"custom","typography_font_family":"Noto Serif JP","typography_font_size":{"unit":"px","size":40,"sizes":[]},"typography_font_weight":"300","_animation":"fadeIn","animation_duration":"slow"},"elements":[],"isInner":false,"widgetType":"heading","elType":"widget"},{"id":"2082103d","settings":{"hz_section_title":"Perfect Solution For Designers And Agents","hz_section_subtitle":"Never miss a sale! It's never been easier to turn leads into real customers","section_title_typography_typography":"custom","section_title_typography_font_size":{"unit":"px","size":25,"sizes":[]},"section_title_typography_font_weight":"300","section_subtitle_typography_typography":"custom","houzez_section_title_align":"left","section_subtitle_typography_line_height":{"unit":"em","size":1.5,"sizes":[]},"houzez_section_title_color":"#FFFFFF","houzez_section_subtitle_color":"rgba(255, 255, 255, 0.63)","homey_main_title_spacing":{"unit":"px","size":15,"sizes":[]},"_animation":"fadeIn","animation_duration":"slow","section_title_typography_line_height":{"unit":"em","size":1.4,"sizes":[]},"section_title_typography_letter_spacing":{"unit":"px","size":0,"sizes":[]},"section_title_typography_font_family":"Lora"},"elements":[],"isInner":false,"widgetType":"houzez_elementor_section_title","elType":"widget"},{"id":"33e71aea","settings":{"width":{"unit":"%","size":30,"sizes":[]},"text":"Divider","color":"rgba(255, 255, 255, 0.35)"},"elements":[],"isInner":false,"widgetType":"divider","elType":"widget"}],"isInner":true,"elType":"column"},{"id":"89ada28","settings":{"_column_size":33,"_inline_size":30,"content_position":"bottom"},"elements":[{"id":"110a39e2","settings":{"title":"02.","header_size":"div","title_color":"#FFFFFF","typography_typography":"custom","typography_font_family":"Noto Serif JP","typography_font_size":{"unit":"px","size":40,"sizes":[]},"typography_font_weight":"300","_animation":"fadeIn","animation_duration":"slow"},"elements":[],"isInner":false,"widgetType":"heading","elType":"widget"},{"id":"6dfcb6cf","settings":{"hz_section_title":"Design Custom Leads Capture Forms","hz_section_subtitle":"Someone asked a question? Get back to them right away","section_title_typography_typography":"custom","section_title_typography_font_size":{"unit":"px","size":25,"sizes":[]},"section_title_typography_font_weight":"300","section_subtitle_typography_typography":"custom","houzez_section_title_align":"left","section_subtitle_typography_line_height":{"unit":"em","size":1.5,"sizes":[]},"houzez_section_title_color":"#FFFFFF","houzez_section_subtitle_color":"rgba(255, 255, 255, 0.63)","homey_main_title_spacing":{"unit":"px","size":15,"sizes":[]},"_animation":"fadeIn","animation_duration":"slow","section_title_typography_line_height":{"unit":"em","size":1.4,"sizes":[]},"section_title_typography_letter_spacing":{"unit":"px","size":0,"sizes":[]},"section_title_typography_font_family":"Lora"},"elements":[],"isInner":false,"widgetType":"houzez_elementor_section_title","elType":"widget"},{"id":"7d8c9027","settings":{"width":{"unit":"%","size":30,"sizes":[]},"text":"Divider","color":"rgba(255, 255, 255, 0.35)"},"elements":[],"isInner":false,"widgetType":"divider","elType":"widget"},{"id":"10275c01","settings":{"title":"03.","header_size":"div","title_color":"#FFFFFF","typography_typography":"custom","typography_font_family":"Noto Serif JP","typography_font_size":{"unit":"px","size":40,"sizes":[]},"typography_font_weight":"300","_animation":"fadeIn","animation_duration":"slow"},"elements":[],"isInner":false,"widgetType":"heading","elType":"widget"},{"id":"684f713d","settings":{"hz_section_title":"Customer Relationship Management","hz_section_subtitle":"Keep track of your leads without having to pay for an external CRM","section_title_typography_typography":"custom","section_title_typography_font_size":{"unit":"px","size":25,"sizes":[]},"section_title_typography_font_weight":"300","section_subtitle_typography_typography":"custom","houzez_section_title_align":"left","section_subtitle_typography_line_height":{"unit":"em","size":1.5,"sizes":[]},"houzez_section_title_color":"#FFFFFF","houzez_section_subtitle_color":"rgba(255, 255, 255, 0.63)","homey_main_title_spacing":{"unit":"px","size":15,"sizes":[]},"_animation":"fadeIn","animation_duration":"slow","section_title_typography_line_height":{"unit":"em","size":1.4,"sizes":[]},"section_title_typography_letter_spacing":{"unit":"px","size":0,"sizes":[]},"section_title_typography_font_family":"Lora"},"elements":[],"isInner":false,"widgetType":"houzez_elementor_section_title","elType":"widget"},{"id":"f2feb3","settings":{"width":{"unit":"%","size":30,"sizes":[]},"text":"Divider","color":"rgba(255, 255, 255, 0.35)"},"elements":[],"isInner":false,"widgetType":"divider","elType":"widget"}],"isInner":true,"elType":"column"},{"id":"641270f7","settings":{"_column_size":33,"_inline_size":39.666,"content_position":"center","space_between_widgets":0,"background_background":"classic","background_color":"#FFFFFF","padding":{"unit":"px","top":"50","right":"50","bottom":"30","left":"50","isLinked":false}},"elements":[{"id":"29bb854","settings":{"hz_section_title":"Real Estate Inquiry Form","section_title_typography_typography":"custom","section_title_typography_font_size":{"unit":"px","size":25,"sizes":[]},"section_title_typography_font_weight":"300","section_subtitle_typography_typography":"custom","houzez_section_title_margin_bottom":{"unit":"px","size":20,"sizes":[]},"_animation":"fadeIn","animation_duration":"slow","hz_section_subtitle":"Design custom lead capture forms that integrate with the Houzez CRM","houzez_section_subtitle_color":"#7A7A7A","section_title_typography_font_family":"Lora","section_title_typography_font_size_mobile":{"unit":"px","size":28,"sizes":[]},"section_title_typography_line_height_mobile":{"unit":"em","size":1.4,"sizes":[]},"houzez_section_title_align":"left"},"elements":[],"isInner":false,"widgetType":"houzez_elementor_section_title","elType":"widget"},{"id":"57d47249","settings":{"form_name":"New Form","form_fields":[{"field_type":"enquiry_type","field_label":"Inquiry Type","placeholder":"Select","required":"true","field_options":"","width":"100","width_tablet":"","width_mobile":"","rows":4,"_id":"ba6c34c"},{"field_type":"user_type","field_label":"Information","placeholder":"I'm a ","required":"true","field_options":"Select\nI'm a real estate agent\nI'm a property owner","width":"100","width_tablet":"","width_mobile":"","rows":4,"_id":"b7fe77d"},{"field_type":"first_name","field_label":"","placeholder":"First Name","required":"true","field_options":"","width":"50","width_tablet":"","width_mobile":"","rows":4,"_id":"cc6b92f"},{"field_type":"last_name","field_label":"","placeholder":"Last Name","required":"","field_options":"","width":"50","width_tablet":"","width_mobile":"","rows":4,"_id":"3cc124e"},{"field_type":"email","field_label":"","placeholder":"Email Address","required":"true","field_options":"","width":"100","width_tablet":"","width_mobile":"","rows":4,"_id":"932d82c"},{"field_type":"e_meta[city]","field_label":"Location","placeholder":"Select City","required":"true","field_options":"","width":"50","width_tablet":"","width_mobile":"","rows":4,"_id":"2eaf20d"},{"field_type":"e_meta[zipcode]","field_label":"&nbsp;","placeholder":"Zip Code","required":"true","field_options":"","width":"50","width_tablet":"","width_mobile":"","rows":4,"_id":"f0ee6fc"},{"field_type":"e_meta[property_type]","field_label":"Property","placeholder":"Select type","required":"true","field_options":"","width":"100","width_tablet":"","width_mobile":"","rows":4,"_id":"3180222"},{"field_type":"e_meta[price]","field_label":"","placeholder":"Max price","required":"true","field_options":"","width":"50","width_tablet":"","width_mobile":"","rows":4,"_id":"c549d17"},{"field_type":"e_meta[area-size]","field_label":"","placeholder":"Minimum size (Sq Ft)","required":"true","field_options":"","width":"50","width_tablet":"","width_mobile":"","rows":4,"_id":"e08cbcb"},{"field_type":"e_meta[beds]","field_label":"","placeholder":"Number of beds","required":"true","field_options":"","width":"50","width_tablet":"","width_mobile":"","rows":4,"_id":"66cc0de"},{"field_type":"e_meta[baths]","field_label":"","placeholder":"Number of baths","required":"true","field_options":"","width":"50","width_tablet":"","width_mobile":"","rows":4,"_id":"dea086f"}],"input_size":"md","button_text":"Submit","button_size":"md","email_to":"hello@favethemes.com","email_subject":"New message from &quot;Houzez 01&quot;","field_border_width":{"unit":"px","top":"2","right":"2","bottom":"2","left":"2","isLinked":true}},"elements":[],"isInner":false,"widgetType":"houzez_elementor_inquiry_form","elType":"widget"}],"isInner":true,"elType":"column"}],"isInner":true,"elType":"section"},{"id":"29a68078","settings":{"height":{"unit":"px","size":70,"sizes":[]}},"elements":[],"isInner":false,"widgetType":"houzez_elementor_space","elType":"widget"}],"isInner":false,"elType":"column"}],"isInner":false,"elType":"section"},{"id":"40d610fc","settings":{"background_background":"classic","background_color":"#FFFFFF"},"elements":[{"id":"38660384","settings":{"_column_size":100,"_inline_size":null},"elements":[{"id":"1212a506","settings":[],"elements":[],"isInner":false,"widgetType":"spacer","elType":"widget"},{"id":"7e91a84e","settings":[],"elements":[{"id":"62807cff","settings":{"_column_size":100,"_inline_size":null},"elements":[{"id":"616c2bc2","settings":{"hz_section_title":"Explore Lifestyles","section_title_typography_typography":"custom","section_title_typography_font_size":{"unit":"px","size":35,"sizes":[]},"section_title_typography_font_weight":"300","section_subtitle_typography_typography":"custom","houzez_section_title_margin_bottom":{"unit":"px","size":20,"sizes":[]},"_animation":"fadeIn","animation_duration":"slow","hz_section_subtitle":"Lorem ipsum dolor sit amet, consectetur adipiscing ","houzez_section_subtitle_color":"#7A7A7A","section_title_typography_font_family":"Lora","section_title_typography_font_size_mobile":{"unit":"px","size":28,"sizes":[]},"section_title_typography_line_height_mobile":{"unit":"em","size":1.4,"sizes":[]}},"elements":[],"isInner":false,"widgetType":"houzez_elementor_section_title","elType":"widget"},{"id":"66f24f24","settings":{"houzez_grid_type":"grid_v4","property_type":["office","shop","apartment","condo","single-family-home","studio","villa"],"houzez_show_child":"1","_animation":"fadeIn","animation_duration":"slow","grid_title_typography_typography":"custom","grid_title_typography_font_family":"Lora","grid_title_typography_font_size":{"unit":"px","size":20,"sizes":[]}},"elements":[],"isInner":false,"widgetType":"houzez_elementor_grids","elType":"widget"},{"id":"42c2937f","settings":[],"elements":[],"isInner":false,"widgetType":"spacer","elType":"widget"}],"isInner":true,"elType":"column"}],"isInner":true,"elType":"section"}],"isInner":false,"elType":"column"}],"isInner":false,"elType":"section"},{"id":"26d0ac69","settings":{"background_color":"#FFFFFF"},"elements":[{"id":"41b285bf","settings":{"_column_size":100,"_inline_size":null},"elements":[{"id":"2ba5ebc1","settings":[],"elements":[],"isInner":false,"widgetType":"spacer","elType":"widget"},{"id":"72e9917e","settings":[],"elements":[{"id":"21307582","settings":{"_column_size":100,"_inline_size":null},"elements":[{"id":"31e1a7f4","settings":{"hz_section_title":"Properties For Sale","section_title_typography_typography":"custom","section_title_typography_font_size":{"unit":"px","size":35,"sizes":[]},"section_title_typography_font_weight":"300","section_subtitle_typography_typography":"custom","houzez_section_title_margin_bottom":{"unit":"px","size":20,"sizes":[]},"_animation":"fadeIn","animation_duration":"slow","hz_section_subtitle":"Lorem ipsum dolor sit amet, consectetur adipiscing ","houzez_section_subtitle_color":"#7A7A7A","section_title_typography_font_family":"Lora","section_title_typography_font_size_mobile":{"unit":"px","size":28,"sizes":[]},"section_title_typography_line_height_mobile":{"unit":"em","size":1.4,"sizes":[]}},"elements":[],"isInner":false,"widgetType":"houzez_elementor_section_title","elType":"widget"},{"id":"390f06fd","settings":{"auto_speed":"3000","property_type":["residential"],"property_status":["for-sale"]},"elements":[],"isInner":false,"widgetType":"houzez_elementor_properties_carousel_v2n","elType":"widget"}],"isInner":true,"elType":"column"}],"isInner":true,"elType":"section"},{"id":"6434792b","settings":{"space":{"unit":"px","size":53,"sizes":[]}},"elements":[],"isInner":false,"widgetType":"spacer","elType":"widget"}],"isInner":false,"elType":"column"}],"isInner":false,"elType":"section"},{"id":"6b7ef5cb","settings":{"background_background":"classic","background_color":"#FFFFFF"},"elements":[{"id":"3871ce28","settings":{"_column_size":100,"_inline_size":null},"elements":[{"id":"39f23f4e","settings":[],"elements":[],"isInner":false,"widgetType":"spacer","elType":"widget"},{"id":"7d1cd476","settings":[],"elements":[{"id":"62e41ba3","settings":{"_column_size":100,"_inline_size":null},"elements":[{"id":"52bcbfa2","settings":{"hz_section_title":"Explore Cities","section_title_typography_typography":"custom","section_title_typography_font_size":{"unit":"px","size":35,"sizes":[]},"section_title_typography_font_weight":"300","section_subtitle_typography_typography":"custom","houzez_section_title_margin_bottom":{"unit":"px","size":20,"sizes":[]},"_animation":"fadeIn","animation_duration":"slow","hz_section_subtitle":"Lorem ipsum dolor sit amet, consectetur adipiscing ","houzez_section_subtitle_color":"#7A7A7A","section_title_typography_font_family":"Lora","section_title_typography_font_size_mobile":{"unit":"px","size":28,"sizes":[]},"section_title_typography_line_height_mobile":{"unit":"em","size":1.4,"sizes":[]}},"elements":[],"isInner":false,"widgetType":"houzez_elementor_section_title","elType":"widget"},{"id":"14cd6338","settings":{"houzez_grid_type":"grid_v3","houzez_grid_from":"property_city","property_type":["office","shop","apartment","condo","single-family-home","studio","villa"],"houzez_show_child":"1","_animation":"fadeIn","animation_duration":"slow","grid_title_typography_typography":"custom","grid_title_typography_font_family":"Lora","grid_title_typography_font_size":{"unit":"px","size":20,"sizes":[]}},"elements":[],"isInner":false,"widgetType":"houzez_elementor_grids","elType":"widget"},{"id":"377ecf75","settings":[],"elements":[],"isInner":false,"widgetType":"spacer","elType":"widget"}],"isInner":true,"elType":"column"}],"isInner":true,"elType":"section"}],"isInner":false,"elType":"column"}],"isInner":false,"elType":"section"},{"id":"4bff65ef","settings":{"background_color":"#FFFFFF"},"elements":[{"id":"2448399","settings":{"_column_size":100,"_inline_size":null},"elements":[{"id":"7fb88cca","settings":[],"elements":[],"isInner":false,"widgetType":"spacer","elType":"widget"},{"id":"243595fc","settings":[],"elements":[{"id":"39ecc0e9","settings":{"_column_size":100,"_inline_size":null},"elements":[{"id":"10464071","settings":{"hz_section_title":"Get in touch with us","section_title_typography_typography":"custom","section_title_typography_font_size":{"unit":"px","size":35,"sizes":[]},"section_title_typography_font_weight":"300","section_subtitle_typography_typography":"custom","houzez_section_title_margin_bottom":{"unit":"px","size":20,"sizes":[]},"_animation":"fadeIn","animation_duration":"slow","hz_section_subtitle":"Lorem ipsum dolor sit amet, consectetur adipiscing ","houzez_section_subtitle_color":"#7A7A7A","section_title_typography_font_family":"Lora","section_title_typography_font_size_mobile":{"unit":"px","size":28,"sizes":[]},"section_title_typography_line_height_mobile":{"unit":"em","size":1.4,"sizes":[]}},"elements":[],"isInner":false,"widgetType":"houzez_elementor_section_title","elType":"widget"},{"id":"4f9166c2","settings":{"columns":"4","posts_limit":"9","_animation":"fadeIn","animation_duration":"slow"},"elements":[],"isInner":false,"widgetType":"houzez_elementor_agents","elType":"widget"},{"id":"55b98524","settings":[],"elements":[],"isInner":false,"widgetType":"spacer","elType":"widget"}],"isInner":true,"elType":"column"}],"isInner":true,"elType":"section"}],"isInner":false,"elType":"column"}],"isInner":false,"elType":"section"},{"id":"349edc4f","settings":{"background_background":"classic","background_color":"#FFFFFF","structure":"50","padding":{"unit":"px","top":"15","right":"0","bottom":"15","left":"0","isLinked":false},"hide_tablet":"hidden-tablet","hide_mobile":"hidden-phone"},"elements":[{"id":"6936d2bd","settings":{"_column_size":20,"_inline_size":null},"elements":[{"id":"5a1c1be","settings":{"image":{"url":"https:\/\/demo01.houzez.co\/wp-content\/uploads\/2016\/03\/partner-01-e1582734705113.jpg","id":1118}},"elements":[],"isInner":false,"widgetType":"image","elType":"widget"}],"isInner":false,"elType":"column"},{"id":"68223ebd","settings":{"_column_size":20,"_inline_size":null},"elements":[{"id":"ec1f96e","settings":{"image":{"url":"https:\/\/demo01.houzez.co\/wp-content\/uploads\/2016\/03\/partner-02-e1582734691936.jpg","id":1119}},"elements":[],"isInner":false,"widgetType":"image","elType":"widget"}],"isInner":false,"elType":"column"},{"id":"4727fcf2","settings":{"_column_size":20,"_inline_size":null},"elements":[{"id":"67c87b0b","settings":{"image":{"url":"https:\/\/demo01.houzez.co\/wp-content\/uploads\/2016\/03\/partner-04-e1582734649458.jpg","id":1121}},"elements":[],"isInner":false,"widgetType":"image","elType":"widget"}],"isInner":false,"elType":"column"},{"id":"136e66cd","settings":{"_column_size":20,"_inline_size":null},"elements":[{"id":"28f84fb9","settings":{"image":{"url":"https:\/\/demo01.houzez.co\/wp-content\/uploads\/2016\/03\/partner-03-e1582734671602.jpg","id":1120}},"elements":[],"isInner":false,"widgetType":"image","elType":"widget"}],"isInner":false,"elType":"column"},{"id":"620756b6","settings":{"_column_size":20,"_inline_size":null},"elements":[{"id":"7909a4e7","settings":{"image":{"url":"https:\/\/demo01.houzez.co\/wp-content\/uploads\/2016\/03\/partner-05-e1582734603812.jpg","id":1122}},"elements":[],"isInner":false,"widgetType":"image","elType":"widget"}],"isInner":false,"elType":"column"}],"isInner":false,"elType":"section"}]}