{"version":"0.4","title":"Demo 04 &#8211; Homepage with capture form","type":"page","content":[{"id":"6257e3ef","settings":{"gap":"no","background_background":"slideshow","background_slideshow_gallery":[{"id":17222,"url":"https:\/\/demo04.houzez.co\/wp-content\/uploads\/2020\/03\/206.jpg"},{"id":17223,"url":"https:\/\/demo04.houzez.co\/wp-content\/uploads\/2020\/03\/205.jpg"},{"id":17224,"url":"https:\/\/demo04.houzez.co\/wp-content\/uploads\/2020\/03\/204.jpg"}],"background_overlay_background":"classic","background_overlay_color":"#004274","background_slideshow_ken_burns":"yes","background_overlay_opacity":{"unit":"px","size":0.65,"sizes":[]}},"elements":[{"id":"546e785e","settings":{"_column_size":100,"_inline_size":null},"elements":[{"id":"3d534a17","settings":[],"elements":[],"isInner":false,"widgetType":"houzez_elementor_space","elType":"widget"},{"id":"7aefc6ed","settings":{"gap":"no","structure":"30","content_position":"middle"},"elements":[{"id":"ef4f5dc","settings":{"_column_size":33,"_inline_size":49.298},"elements":[{"id":"8dbc9f7","settings":{"hz_section_title":"Display custom contact forms that integrate with Houzez CRM","hz_section_subtitle":"When one of your visitors fill up this form the data will be stored in the Houzez CRM as new lead\n","section_title_typography_typography":"custom","section_title_typography_font_size":{"unit":"px","size":35,"sizes":[]},"section_title_typography_font_size_mobile":{"unit":"px","size":25,"sizes":[]},"section_title_typography_font_weight":"400","section_title_typography_line_height":{"unit":"em","size":1.4,"sizes":[]},"section_subtitle_typography_typography":"custom","section_subtitle_typography_font_size":{"unit":"px","size":20,"sizes":[]},"section_subtitle_typography_font_size_mobile":{"unit":"px","size":16,"sizes":[]},"section_subtitle_typography_line_height":{"unit":"em","size":1.5,"sizes":[]},"houzez_section_title_align":"left","houzez_section_title_color":"#FFFFFF","houzez_section_subtitle_color":"#FFFFFF","houzez_section_title_margin_bottom":{"unit":"px","size":20,"sizes":[]},"_animation":"fadeIn","animation_duration":"slow"},"elements":[],"isInner":false,"widgetType":"houzez_elementor_section_title","elType":"widget"}],"isInner":true,"elType":"column"},{"id":"247f117e","settings":{"_column_size":33,"_inline_size":10.018},"elements":[],"isInner":true,"elType":"column"},{"id":"1488b76d","settings":{"_column_size":33,"_inline_size":40.016,"space_between_widgets":0},"elements":[{"id":"113f035f","settings":{"hz_section_title":"Get In Touch","hz_section_subtitle":"Fill out this form and one of our agents will be in touch with you soon\n","section_title_typography_typography":"custom","section_title_typography_font_size":{"unit":"px","size":18,"sizes":[]},"section_subtitle_typography_typography":"custom","section_subtitle_typography_font_weight":"400","houzez_section_title_align":"left","houzez_section_subtitle_color":"#7A7A7A","homey_main_title_spacing":{"unit":"px","size":15,"sizes":[]},"homey_subtitle_spacing":{"unit":"px","size":0,"sizes":[]},"houzez_section_title_margin_bottom":{"unit":"px","size":0,"sizes":[]},"_padding":{"unit":"px","top":"30","right":"30","bottom":"10","left":"30","isLinked":false},"_background_background":"classic","_background_color":"#FFFFFF"},"elements":[],"isInner":false,"widgetType":"houzez_elementor_section_title","elType":"widget"},{"id":"12618b94","settings":{"form_name":"New Form","form_fields":[{"_id":"name","field_type":"name","field_label":"Name","placeholder":"Name","width":"100","required":"","field_options":"","width_tablet":"","width_mobile":"","rows":4},{"_id":"email","field_type":"email","required":"true","field_label":"Email","placeholder":"Email","width":"50","field_options":"","width_tablet":"","width_mobile":"","rows":4},{"field_type":"mobile","field_label":"Phone","placeholder":"Phone","required":"","field_options":"","width":"50","width_tablet":"","width_mobile":"","rows":4,"_id":"ac2e031"},{"_id":"message","field_type":"message","field_label":"Message","placeholder":"Message","width":"100","required":"","field_options":"","width_tablet":"","width_mobile":"","rows":4}],"show_labels":"","gdpr_agreement":"yes","gdpr_label":"GDPR Agreement","gdpr_required":"true","gdpr_text":"I consent to having this website store my submitted information","button_text":"Submit","email_to":"hello@favethemes.com","email_subject":"New message from &quot;Houzez - Highly Customizable Real Estate WordPress Theme&quot;","field_typography_typography":"custom","field_gdpr_color":"#7A7A7A","gdpr_typography_typography":"custom","gdpr_typography_font_size":{"unit":"px","size":14,"sizes":[]},"_padding":{"unit":"px","top":"10","right":"30","bottom":"30","left":"30","isLinked":false},"_background_background":"classic","_background_color":"#FFFFFF"},"elements":[],"isInner":false,"widgetType":"houzez_elementor_contact_form","elType":"widget"}],"isInner":true,"elType":"column"}],"isInner":true,"elType":"section"},{"id":"5344254e","settings":[],"elements":[],"isInner":false,"widgetType":"houzez_elementor_space","elType":"widget"}],"isInner":false,"elType":"column"}],"isInner":false,"elType":"section"},{"id":"4d2e9952","settings":{"layout":"full_width","background_background":"classic","background_color":"#FFFFFF"},"elements":[{"id":"57df39d5","settings":{"_column_size":100,"_inline_size":null},"elements":[{"id":"4e1cdcce","settings":{"height":{"unit":"px","size":51,"sizes":[]}},"elements":[],"isInner":false,"widgetType":"houzez_elementor_space","elType":"widget"},{"id":"12b2fd85","settings":{"content_width":{"unit":"px","size":1320,"sizes":[]}},"elements":[{"id":"660f8c97","settings":{"_column_size":100,"_inline_size":null},"elements":[{"id":"51fc09d3","settings":{"hz_section_title":"Discover Our Featured Listings","section_title_typography_typography":"custom","section_title_typography_font_size":{"unit":"px","size":35,"sizes":[]},"section_title_typography_font_weight":"300","section_subtitle_typography_typography":"custom","houzez_section_title_margin_bottom":{"unit":"px","size":20,"sizes":[]},"_animation":"fadeIn","animation_duration":"slow","hz_section_subtitle":"Lorem ipsum dolor sit amet, consectetur adipisicing","houzez_section_title_color":"#000000","houzez_section_subtitle_color":"#7A7A7A","section_title_typography_font_size_mobile":{"unit":"px","size":25,"sizes":[]},"section_subtitle_typography_font_size_mobile":{"unit":"px","size":16,"sizes":[]}},"elements":[],"isInner":false,"widgetType":"houzez_elementor_section_title","elType":"widget"},{"id":"40443ad1","settings":{"space":{"unit":"px","size":10,"sizes":[]}},"elements":[],"isInner":false,"widgetType":"spacer","elType":"widget"},{"id":"35ad3781","settings":{"sort_by":"featured_top","posts_limit":6,"property_type":["apartment"],"hide_compare":"none","hz_property_title_typography":"custom","hz_property_title_font_size":{"unit":"px","size":0,"sizes":[]},"hz_meta_figure_typography":"custom","hz_meta_figure_font_weight":"400","hz_item_price_typography":"custom","hz_item_price_font_size":{"unit":"px","size":20,"sizes":[]},"hz_labels_margin_bottom":{"unit":"px","size":76,"sizes":[]},"price_color":"#FFFFFF","_animation":"fadeIn","animation_duration":"slow"},"elements":[],"isInner":false,"widgetType":"houzez_elementor_property-card-v3","elType":"widget"},{"id":"76267e56","settings":{"height":{"unit":"px","size":50,"sizes":[]}},"elements":[],"isInner":false,"widgetType":"houzez_elementor_space","elType":"widget"}],"isInner":true,"elType":"column"}],"isInner":true,"elType":"section"}],"isInner":false,"elType":"column"}],"isInner":false,"elType":"section"},{"id":"2a8b2654","settings":{"custom_height":{"unit":"px","size":680,"sizes":[]},"content_position":"bottom","background_color":"#FFFFFF","background_position":"center left","background_repeat":"repeat","background_size":"cover","css_filters_blur":{"unit":"px","size":2,"sizes":[]},"gap":"wide","background_background":"classic","background_bg_width":{"unit":"%","size":15,"sizes":[]},"background_image":{"url":"https:\/\/demo01.houzez.co\/wp-content\/uploads\/2016\/03\/205.jpg","id":16175},"background_overlay_color":"#004274","background_attachment":"fixed","content_width":{"unit":"px","size":920,"sizes":[]},"height":"min-height","layout":"full_width","structure":"20","background_overlay_color_b":"rgba(242, 41, 91, 0)","background_overlay_gradient_angle":{"unit":"deg","size":90,"sizes":[]},"padding":{"unit":"px","top":"50","right":"50","bottom":"50","left":"50","isLinked":true}},"elements":[{"id":"29b658ab","settings":{"_column_size":50,"_inline_size":64.862},"elements":[{"id":"25fdd021","settings":{"gap":"no","background_background":"classic","background_color":"#FFFFFF","border_radius":{"unit":"px","top":"6","right":"6","bottom":"6","left":"6","isLinked":true},"box_shadow_box_shadow_type":"yes","box_shadow_box_shadow":{"horizontal":0,"vertical":20,"blur":40,"spread":0,"color":"rgba(0, 0, 0, 0.1)"},"padding":{"unit":"px","top":"40","right":"40","bottom":"40","left":"40","isLinked":true},"overflow":"hidden","z_index":1},"elements":[{"id":"10a30922","settings":{"_column_size":100,"_inline_size":null,"content_position":"bottom","background_background":"classic"},"elements":[{"id":"7b9c1e6e","settings":{"hz_section_title":"Contact us to get your home estimation","section_title_typography_typography":"custom","section_title_typography_font_size":{"unit":"px","size":25,"sizes":[]},"section_title_typography_font_weight":"300","section_subtitle_typography_typography":"custom","houzez_section_title_align":"left","section_subtitle_typography_line_height":{"unit":"em","size":1.5,"sizes":[]},"houzez_section_title_color":"#000000","houzez_section_subtitle_color":"#000000","hz_section_subtitle":"Design custom lead capture forms that integrate with the Houzez CRM","section_subtitle_typography_font_size":{"unit":"px","size":18,"sizes":[]},"homey_subtitle_spacing":{"unit":"px","size":0,"sizes":[]},"houzez_section_title_margin_bottom":{"unit":"px","size":0,"sizes":[]},"section_title_typography_text_transform":"uppercase"},"elements":[],"isInner":false,"widgetType":"houzez_elementor_section_title","elType":"widget"},{"id":"64fefc37","settings":{"form_name":"New Form","form_fields":[{"field_type":"address","field_label":"Property Address","placeholder":"Address","required":"true","field_options":"","width":"60","width_tablet":"","width_mobile":"","rows":4,"_id":"16418a9"},{"field_type":"city","field_label":" City","placeholder":"City","required":"true","field_options":"","width":"20","width_tablet":"","width_mobile":"","rows":4,"_id":"b4f200d"},{"field_type":"zip","field_label":"Zip Code","placeholder":"Zip Code","required":"true","field_options":"","width":"20","width_tablet":"","width_mobile":"","rows":4,"_id":"4bf701d"},{"_id":"name","field_type":"first_name","field_label":"","placeholder":"First Name","width":"25","required":"true","field_options":"","width_tablet":"","width_mobile":"","rows":4},{"field_type":"last_name","field_label":"","placeholder":"Last Name","width":"25","required":"true","field_options":"","width_tablet":"","width_mobile":"","rows":4,"_id":"e355a3e"},{"_id":"email","field_type":"email","required":"true","field_label":"","placeholder":"Email","width":"25","field_options":"","width_tablet":"","width_mobile":"","rows":4}],"button_text":"Submit","email_to":"hello@favethemes.com","email_subject":"New message from \"Houzez 01\"","label_typography_typography":"custom","label_typography_font_weight":"500","_background_color":"#FFFFFF","column_gap":{"unit":"px","size":15,"sizes":[]},"label_color":"#54595F","label_typography_font_size":{"unit":"px","size":12,"sizes":[]},"label_typography_text_transform":"uppercase","field_border_width":{"unit":"px","top":"1","right":"1","bottom":"1","left":"1","isLinked":true},"_animation":"fadeIn","animation_duration":"slow","_box_shadow_box_shadow":{"horizontal":0,"vertical":20,"blur":40,"spread":0,"color":"rgba(0, 0, 0, 0.1)"},"input_size":"md","button_size":"md","button_width":"25","row_gap":{"unit":"px","size":15,"sizes":[]},"field_border_color":"#C9C9C9","con_google_recaptcha":"","gdpr_agreement":"","gdpr_text":"I consent to having this website to store my submitted infomation."},"elements":[],"isInner":false,"widgetType":"houzez_elementor_contact_form","elType":"widget"}],"isInner":true,"elType":"column"}],"isInner":true,"elType":"section"}],"isInner":false,"elType":"column"},{"id":"538044c9","settings":{"_column_size":50,"_inline_size":35.05},"elements":[],"isInner":false,"elType":"column"}],"isInner":false,"elType":"section"},{"id":"36bf9043","settings":{"custom_height":{"unit":"px","size":760,"sizes":[]},"content_position":"middle","background_color":"#FFFFFF","background_position":"center right","background_repeat":"no-repeat","background_size":"auto","background_overlay_opacity":{"unit":"px","size":0.9,"sizes":[]},"css_filters_blur":{"unit":"px","size":2,"sizes":[]},"stretch_section":"section-stretched","layout":"full_width","gap":"wide","background_bg_width":{"unit":"%","size":15,"sizes":[]},"background_overlay_color":"#005A84","overlay_blend_mode":"multiply","background_background":"classic"},"elements":[{"id":"6608352b","settings":{"_column_size":100,"_inline_size":null},"elements":[{"id":"7c07841f","settings":{"height":{"unit":"px","size":50,"sizes":[]}},"elements":[],"isInner":false,"widgetType":"houzez_elementor_space","elType":"widget"},{"id":"25808ce4","settings":{"gap":"wider","content_position":"middle","reverse_order_mobile":"reverse-mobile","content_width":{"unit":"px","size":1280,"sizes":[]}},"elements":[{"id":"418923ad","settings":{"_column_size":100,"_inline_size":null},"elements":[{"id":"435d996","settings":{"hz_section_title":"Why Houzez is the Best Choice?","section_title_typography_typography":"custom","section_title_typography_font_size":{"unit":"px","size":35,"sizes":[]},"section_title_typography_font_weight":"300","section_subtitle_typography_typography":"custom","houzez_section_title_color":"#000000","houzez_section_subtitle_color":"#7A7A7A","_animation":"fadeIn","animation_duration":"slow","houzez_section_title_margin_bottom":{"unit":"px","size":20,"sizes":[]},"hz_section_subtitle":"Lorem ipsum dolor sit amet, consectetur adipisicing","section_title_typography_font_size_mobile":{"unit":"px","size":25,"sizes":[]},"section_subtitle_typography_font_size_mobile":{"unit":"px","size":16,"sizes":[]}},"elements":[],"isInner":false,"widgetType":"houzez_elementor_section_title","elType":"widget"},{"id":"1ca4c2ed","settings":{"space":{"unit":"px","size":30,"sizes":[]}},"elements":[],"isInner":false,"widgetType":"spacer","elType":"widget"},{"id":"61d95b26","settings":{"icon_boxes":[{"icon_type":"custom_icon","custom_icon":{"url":"https:\/\/demo01.houzez.co\/wp-content\/uploads\/2020\/02\/people-1.png","id":16664},"title":"Customer Relationship Management","text":"Lorem ipsum dolor sit amet, consectetur adipiscing elit. Aliquam eu rhoncus nisi. Cras sed mattis ante, sit amet rhoncus ex.","read_more_text":"Read More","read_more_link":{"url":"#"},"_id":"2bb5839"},{"icon_type":"custom_icon","custom_icon":{"url":"https:\/\/demo01.houzez.co\/wp-content\/uploads\/2020\/02\/donut-chart-1-1.png","id":16668},"title":"Design Custom Leads Capture Forms","text":"Lorem ipsum dolor sit amet, consectetur adipiscing elit. Aliquam eu rhoncus nisi. Cras sed mattis ante, sit amet rhoncus ex.","read_more_text":"Read More","read_more_link":{"url":"#"},"_id":"dfcf51e"},{"icon_type":"custom_icon","custom_icon":{"url":"https:\/\/demo01.houzez.co\/wp-content\/uploads\/2020\/02\/shacking-hands-1.png","id":16667},"title":"Manage Real Estate Inquiries","text":"Lorem ipsum dolor sit amet, consectetur adipiscing elit. Aliquam eu rhoncus nisi. Cras sed mattis ante, sit amet rhoncus ex.","read_more_text":"Read More","read_more_link":{"url":"#"},"_id":"37eb974"},{"icon_type":"custom_icon","custom_icon":{"url":"https:\/\/demo01.houzez.co\/wp-content\/uploads\/2020\/02\/balance.png","id":16662},"title":"Easy To Get Started","text":"Lorem ipsum dolor sit amet, consectetur adipiscing elit. Aliquam eu rhoncus nisi. Cras sed mattis ante, sit amet rhoncus ex.","read_more_text":"Read More","read_more_link":{"url":"#"},"_id":"da69ed8"},{"icon_type":"custom_icon","custom_icon":{"url":"https:\/\/demo01.houzez.co\/wp-content\/uploads\/2020\/02\/bar-chart-stats-up.png","id":16659},"title":"Pre-Built Websites","text":"Lorem ipsum dolor sit amet, consectetur adipiscing elit. Aliquam eu rhoncus nisi. Cras sed mattis ante, sit amet rhoncus ex.","read_more_text":"Read More","read_more_link":{"url":"#"},"_id":"b307838"},{"icon_type":"custom_icon","custom_icon":{"url":"https:\/\/demo01.houzez.co\/wp-content\/uploads\/2020\/02\/bar-chart-board.png","id":16661},"title":"Highly Customizable","text":"Lorem ipsum dolor sit amet, consectetur adipiscing elit. Aliquam eu rhoncus nisi. Cras sed mattis ante, sit amet rhoncus ex.","read_more_text":"Read More","read_more_link":{"url":"#"},"_id":"a86e2c8"}],"icon_boxes_style":"style3","title_spacing_a":{"unit":"px","size":5,"sizes":[]},"title_typography_a_typography":"custom","title_typography_a_font_size":{"unit":"px","size":20,"sizes":[]},"title_typography_a_font_weight":"400","title_typography_a_line_height":{"unit":"em","size":1.5,"sizes":[]},"description_color_a":"#7A7A7A","readmore_text_typography_typography":"custom","readmore_text_typography_font_weight":"400","_animation":"fadeIn","animation_duration":"slow"},"elements":[],"isInner":false,"widgetType":"houzez_elementor_icon_box","elType":"widget"}],"isInner":true,"elType":"column"}],"isInner":true,"elType":"section"},{"id":"70ce5102","settings":{"height":{"unit":"px","size":70,"sizes":[]}},"elements":[],"isInner":false,"widgetType":"houzez_elementor_space","elType":"widget"}],"isInner":false,"elType":"column"}],"isInner":false,"elType":"section"},{"id":"20fb6eca","settings":{"custom_height":{"unit":"px","size":760,"sizes":[]},"content_position":"middle","background_color":"#FFFFFF","background_position":"center center","background_repeat":"no-repeat","background_size":"cover","background_overlay_background":"classic","background_overlay_opacity":{"unit":"px","size":0.2,"sizes":[]},"css_filters_blur":{"unit":"px","size":2,"sizes":[]},"stretch_section":"section-stretched","layout":"full_width","gap":"wide","css_filters_css_filter":"custom"},"elements":[{"id":"2490deb2","settings":{"_column_size":100,"_inline_size":null},"elements":[{"id":"32fdc96","settings":[],"elements":[],"isInner":false,"widgetType":"houzez_elementor_space","elType":"widget"},{"id":"4eff64f6","settings":{"gap":"extended"},"elements":[{"id":"567401e4","settings":{"_column_size":100,"_inline_size":null,"content_position":"bottom"},"elements":[{"id":"7a90ec98","settings":{"hz_section_title":"Meet Our Agents","section_title_typography_typography":"custom","section_title_typography_font_size":{"unit":"px","size":35,"sizes":[]},"section_title_typography_font_weight":"300","section_subtitle_typography_typography":"custom","houzez_section_title_margin_bottom":{"unit":"px","size":20,"sizes":[]},"_animation":"fadeIn","animation_duration":"slow","hz_section_subtitle":"Lorem ipsum dolor sit amet, consectetur adipisicing","houzez_section_title_color":"#000000","houzez_section_subtitle_color":"#7A7A7A","section_title_typography_font_size_mobile":{"unit":"px","size":25,"sizes":[]},"section_subtitle_typography_font_size_mobile":{"unit":"px","size":16,"sizes":[]}},"elements":[],"isInner":false,"widgetType":"houzez_elementor_section_title","elType":"widget"},{"id":"31af5730","settings":{"columns":"4","posts_limit":"9","_animation":"fadeIn","animation_duration":"slow"},"elements":[],"isInner":false,"widgetType":"houzez_elementor_agents","elType":"widget"}],"isInner":true,"elType":"column"}],"isInner":true,"elType":"section"},{"id":"14073b1f","settings":{"height":{"unit":"px","size":100,"sizes":[]}},"elements":[],"isInner":false,"widgetType":"houzez_elementor_space","elType":"widget"}],"isInner":false,"elType":"column"}],"isInner":false,"elType":"section"},{"id":"688d3227","settings":{"background_background":"classic","background_color":"#FFFFFF"},"elements":[{"id":"7899bda","settings":{"_column_size":100,"_inline_size":null},"elements":[{"id":"544b75f1","settings":[],"elements":[],"isInner":false,"widgetType":"spacer","elType":"widget"},{"id":"6f0126f5","settings":[],"elements":[{"id":"6cf113b9","settings":{"_column_size":100,"_inline_size":null},"elements":[{"id":"5a3e1633","settings":{"hz_section_title":"Explore Lifestyles","section_title_typography_typography":"custom","section_title_typography_font_size":{"unit":"px","size":35,"sizes":[]},"section_title_typography_font_weight":"300","section_subtitle_typography_typography":"custom","houzez_section_title_margin_bottom":{"unit":"px","size":20,"sizes":[]},"_animation":"fadeIn","animation_duration":"slow","hz_section_subtitle":"Lorem ipsum dolor sit amet, consectetur adipiscing ","houzez_section_subtitle_color":"#7A7A7A","houzez_section_title_color":"#000000","section_title_typography_font_size_mobile":{"unit":"px","size":25,"sizes":[]},"section_subtitle_typography_font_size_mobile":{"unit":"px","size":16,"sizes":[]}},"elements":[],"isInner":false,"widgetType":"houzez_elementor_section_title","elType":"widget"},{"id":"1721ed20","settings":{"houzez_grid_type":"grid_v2","property_type":["office","shop","apartment","condo","single-family-home","studio","villa"],"houzez_show_child":"1","_animation":"fadeIn","animation_duration":"slow","grid_title_typography_typography":"custom","grid_title_typography_font_weight":"300"},"elements":[],"isInner":false,"widgetType":"houzez_elementor_grids","elType":"widget"},{"id":"3a5b0288","settings":[],"elements":[],"isInner":false,"widgetType":"spacer","elType":"widget"}],"isInner":true,"elType":"column"}],"isInner":true,"elType":"section"}],"isInner":false,"elType":"column"}],"isInner":false,"elType":"section"},{"id":"6fe2c35b","settings":{"custom_height":{"unit":"px","size":760,"sizes":[]},"content_position":"middle","background_color":"#FFFFFF","background_position":"center center","background_repeat":"no-repeat","background_size":"cover","background_overlay_background":"classic","background_overlay_opacity":{"unit":"px","size":0.2,"sizes":[]},"css_filters_blur":{"unit":"px","size":2,"sizes":[]},"stretch_section":"section-stretched","layout":"full_width","gap":"wide","css_filters_css_filter":"custom"},"elements":[{"id":"79bdfff7","settings":{"_column_size":100,"_inline_size":null},"elements":[{"id":"5400232d","settings":[],"elements":[],"isInner":false,"widgetType":"houzez_elementor_space","elType":"widget"},{"id":"6bace9c5","settings":{"gap":"extended","content_width":{"unit":"px","size":860,"sizes":[]}},"elements":[{"id":"7db67bd8","settings":{"_column_size":100,"_inline_size":null,"content_position":"bottom"},"elements":[{"id":"182ca4fc","settings":{"hz_section_title":"Testimonials","section_title_typography_typography":"custom","section_title_typography_font_size":{"unit":"px","size":35,"sizes":[]},"section_title_typography_font_weight":"300","section_subtitle_typography_typography":"custom","houzez_section_title_margin_bottom":{"unit":"px","size":20,"sizes":[]},"_animation":"fadeIn","animation_duration":"slow","hz_section_subtitle":"Lorem ipsum dolor sit amet, consectetur adipisicing","houzez_section_title_color":"#000000","houzez_section_subtitle_color":"#7A7A7A","section_title_typography_font_size_mobile":{"unit":"px","size":25,"sizes":[]},"section_subtitle_typography_font_size_mobile":{"unit":"px","size":16,"sizes":[]}},"elements":[],"isInner":false,"widgetType":"houzez_elementor_section_title","elType":"widget"},{"id":"e8b0248","settings":{"posts_limit":"2","houzez_testi_v2_text_color":"#000000","houzez_testi_v2_bg_color":"#FFFFFF","_animation":"fadeIn","animation_duration":"slow","testimonials_type":"grid_2cols"},"elements":[],"isInner":false,"widgetType":"houzez_elementor_testimonials_v2","elType":"widget"}],"isInner":true,"elType":"column"}],"isInner":true,"elType":"section"},{"id":"3916289d","settings":{"height":{"unit":"px","size":70,"sizes":[]}},"elements":[],"isInner":false,"widgetType":"houzez_elementor_space","elType":"widget"}],"isInner":false,"elType":"column"}],"isInner":false,"elType":"section"},{"id":"26098a99","settings":{"background_background":"classic","background_color":"#FFFFFF","structure":"50","padding":{"unit":"px","top":"15","right":"0","bottom":"15","left":"0","isLinked":false},"border_border":"solid","border_width":{"unit":"px","top":"1","right":"0","bottom":"0","left":"0","isLinked":false},"border_color":"#ECECEC","hide_tablet":"hidden-tablet","hide_mobile":"hidden-phone"},"elements":[{"id":"5b975b1d","settings":{"_column_size":20,"_inline_size":null},"elements":[{"id":"55baeb8a","settings":{"image":{"url":"https:\/\/demo01.houzez.co\/wp-content\/uploads\/2016\/03\/partner-01-e1582734705113.jpg","id":1118}},"elements":[],"isInner":false,"widgetType":"image","elType":"widget"}],"isInner":false,"elType":"column"},{"id":"7b3b786e","settings":{"_column_size":20,"_inline_size":null},"elements":[{"id":"316be708","settings":{"image":{"url":"https:\/\/demo01.houzez.co\/wp-content\/uploads\/2016\/03\/partner-02-e1582734691936.jpg","id":1119}},"elements":[],"isInner":false,"widgetType":"image","elType":"widget"}],"isInner":false,"elType":"column"},{"id":"17741c33","settings":{"_column_size":20,"_inline_size":null},"elements":[{"id":"4c65ac1f","settings":{"image":{"url":"https:\/\/demo01.houzez.co\/wp-content\/uploads\/2016\/03\/partner-04-e1582734649458.jpg","id":1121}},"elements":[],"isInner":false,"widgetType":"image","elType":"widget"}],"isInner":false,"elType":"column"},{"id":"4f9588b5","settings":{"_column_size":20,"_inline_size":null},"elements":[{"id":"31fb08b1","settings":{"image":{"url":"https:\/\/demo01.houzez.co\/wp-content\/uploads\/2016\/03\/partner-03-e1582734671602.jpg","id":1120}},"elements":[],"isInner":false,"widgetType":"image","elType":"widget"}],"isInner":false,"elType":"column"},{"id":"63aa5fe1","settings":{"_column_size":20,"_inline_size":null},"elements":[{"id":"120508cb","settings":{"image":{"url":"https:\/\/demo01.houzez.co\/wp-content\/uploads\/2016\/03\/partner-05-e1582734603812.jpg","id":1122}},"elements":[],"isInner":false,"widgetType":"image","elType":"widget"}],"isInner":false,"elType":"column"}],"isInner":false,"elType":"section"}]}